date_hour,mean_indoor_temperature,mean_indoor_heat_index,mean_indoor_relative_humidity,mean_outdoor_temperature,mean_outdoor_heat_index,indoor_temperature_difference,indoor_heat_index_difference
2019-06-03T11:00:00Z,76.2,75.5,42,72,71,4.200000000000003,4.5
2019-06-13T13:00:00Z,74.8,75,72.7,68,68,6.799999999999997,7
2019-06-13T14:00:00Z,78,79.7,70.5,68,68,10,11.700000000000003
2019-06-13T15:00:00Z,79.7,81.6,61.9,70,70,9.700000000000003,11.599999999999994
2019-06-13T16:00:00Z,79.9,81.9,60.3,73.9,74,6,7.900000000000006
2019-06-13T17:00:00Z,80,82,61.4,73.9,74,6.099999999999994,8
2019-06-13T18:00:00Z,80,81.9,59.9,64.9,65,15.099999999999994,16.900000000000006
2019-06-13T19:00:00Z,80.1,82,59.2,64.9,65,15.199999999999989,17
2019-06-13T20:00:00Z,80.4,82,59.3,66,66,14.400000000000006,16
2019-06-13T21:00:00Z,80.7,82.9,59.8,64.9,65,15.799999999999997,17.900000000000006
2019-06-13T22:00:00Z,80.6,82.1,55.5,64.9,65,15.699999999999989,17.099999999999994
2019-06-13T23:00:00Z,80.3,81.1,51.9,63,62,17.299999999999997,19.099999999999994
2019-06-14T00:00:00Z,79.7,80.3,48.6,62.1,61,17.6,19.299999999999997
2019-06-14T01:00:00Z,79.2,79.4,46.7,61,60,18.200000000000003,19.400000000000006
2019-06-14T02:00:00Z,78.9,78.8,46,60.1,59,18.800000000000004,19.799999999999997
2019-06-14T03:00:00Z,78.3,78,41.4,60.1,59,18.199999999999996,19
2019-06-14T04:00:00Z,78,77.6,40.7,61,59,17,18.599999999999994
2019-06-14T05:00:00Z,77.2,76.5,39.3,61,59,16.200000000000003,17.5
2019-06-14T06:00:00Z,76.2,75.3,40.1,62.1,61,14.100000000000001,14.299999999999997
2019-06-14T07:00:00Z,75.4,74.7,41.8,64,63,11.400000000000006,11.700000000000003
2019-06-14T08:00:00Z,76.1,75.4,43.4,63,62,13.099999999999994,13.400000000000006
2019-06-14T09:00:00Z,79,78.9,43.4,64,63,15,15.900000000000006
2019-06-14T10:00:00Z,81.3,81.3,42.8,66.9,66,14.399999999999991,15.299999999999997
2019-06-14T11:00:00Z,81.3,81.3,43.4,69.1,68,12.200000000000003,13.299999999999997
2019-06-14T12:00:00Z,80.2,80.2,43.3,71.1,70,9.100000000000009,10.200000000000003
2019-06-14T13:00:00Z,79.4,79.4,43.2,71.1,70,8.300000000000011,9.400000000000006
2019-06-14T14:00:00Z,78.9,78.5,43.6,73.9,72,5,6.5
2019-06-14T15:00:00Z,78.6,78,44.3,75,74,3.5999999999999943,4
2019-06-14T16:00:00Z,78.8,78.9,46.6,75.9,75,2.8999999999999915,3.9000000000000057
2019-06-14T17:00:00Z,79.2,79.6,46.9,75.9,75,3.299999999999997,4.599999999999994
2019-06-14T18:00:00Z,79.7,80,45.8,75,74,4.700000000000003,6
2019-06-14T19:00:00Z,80,80.1,44.5,73.9,73,6.099999999999994,7.099999999999994
2019-06-14T20:00:00Z,80.4,81,46.4,72,71,8.400000000000006,10
2019-06-14T21:00:00Z,80.8,81.3,49.1,70,69,10.799999999999997,12.299999999999997
2019-06-14T22:00:00Z,81,82,51.5,66.9,66,14.099999999999994,16
2019-06-14T23:00:00Z,81.2,82,51.7,66.9,66,14.299999999999997,16
2019-06-15T00:00:00Z,81.5,82.3,51.5,66,65,15.5,17.299999999999997
2019-06-15T01:00:00Z,81.8,83,51.5,64,63,17.799999999999997,20
2019-06-15T02:00:00Z,81.8,83,52.6,63,62,18.799999999999997,21
2019-06-15T03:00:00Z,81.5,83,53.9,62.1,61,19.4,22
2019-06-15T04:00:00Z,81.2,82.4,54.2,61,60,20.200000000000003,22.400000000000006
2019-06-15T05:00:00Z,80.9,82,54.6,61,60,19.900000000000006,22
2019-06-15T06:00:00Z,80.6,82,54.9,61,60,19.599999999999994,22
2019-06-15T07:00:00Z,80.3,81.5,54.2,64,63,16.299999999999997,18.5
2019-06-15T08:00:00Z,80.1,81,53.7,66,65,14.099999999999994,16
2019-06-15T09:00:00Z,79.9,81,52,68,67,11.900000000000006,14
2019-06-15T10:00:00Z,79.6,80.7,51.7,70,69,9.599999999999994,11.700000000000003
2019-06-15T11:00:00Z,79.7,81,51.8,75,75,4.700000000000003,6
2019-06-15T12:00:00Z,79.7,80.4,49.6,80.1,80,-0.3999999999999915,0.4000000000000057
2019-06-15T13:00:00Z,80.1,81,48.4,82,81,-1.9000000000000057,0
2019-06-15T14:00:00Z,80.8,81.2,48.3,82.9,82,-2.1000000000000085,-0.7999999999999972
2019-06-15T15:00:00Z,81.4,82,47.8,84,83,-2.5999999999999943,-1
2019-06-15T16:00:00Z,81.8,82,45.8,82.9,81,-1.1000000000000085,1
2019-06-15T17:00:00Z,82.3,82.5,46.4,82,81,0.29999999999999716,1.5
2019-06-15T18:00:00Z,82.8,84.2,52.4,81,80,1.7999999999999972,4.200000000000003
2019-06-15T19:00:00Z,83.4,85.2,54.4,79,79,4.400000000000006,6.200000000000003
2019-06-15T20:00:00Z,83.6,85.8,55.3,78.1,78,5.5,7.799999999999997
2019-06-15T21:00:00Z,83.8,86.4,56.6,77,77,6.799999999999997,9.400000000000006
2019-06-15T22:00:00Z,84.1,86.9,56.4,73.9,73,10.199999999999989,13.900000000000006
2019-06-15T23:00:00Z,84.2,86,53.2,73,73,11.200000000000003,13
2019-06-16T00:00:00Z,83.8,85,50.2,73,73,10.799999999999997,12
2019-06-16T01:00:00Z,83.2,84,48.9,72,71,11.200000000000003,13
2019-06-16T02:00:00Z,83.1,84,49.1,73,73,10.099999999999994,11
2019-06-16T03:00:00Z,82.9,83.6,48.7,72,72,10.900000000000006,11.599999999999994
2019-06-16T04:00:00Z,82.6,83,48.7,71.1,71,11.5,12
2019-06-16T05:00:00Z,82.2,83,48.5,71.1,71,11.100000000000009,12
2019-06-16T06:00:00Z,82,83,49.2,71.1,71,10.900000000000006,12
2019-06-16T07:00:00Z,81.9,82.8,49.3,72,72,9.900000000000006,10.799999999999997
2019-06-16T08:00:00Z,81.8,82.5,50.6,73.9,74,7.8999999999999915,8.5
2019-06-16T09:00:00Z,82.2,83.6,52.9,78.1,78,4.1000000000000085,5.599999999999994
2019-06-16T10:00:00Z,82.6,83.9,51,79,80,3.5999999999999943,3.9000000000000057
2019-06-16T11:00:00Z,83.1,84.4,52.5,79,80,4.099999999999994,4.400000000000006
2019-06-16T12:00:00Z,83.6,85.8,55.6,82,83,1.5999999999999943,2.799999999999997
2019-06-16T13:00:00Z,84.3,86.3,54.1,84,85,0.29999999999999716,1.2999999999999972
2019-06-16T14:00:00Z,84.8,87,53.1,86,88,-1.2000000000000028,-1
2019-06-16T15:00:00Z,85,87,53.2,84,86,1,1
2019-06-16T16:00:00Z,85.1,87.9,54.1,86,88,-0.9000000000000057,-0.09999999999999432
2019-06-16T17:00:00Z,85.5,88.3,54.5,84.9,88,0.5999999999999943,0.29999999999999716
2019-06-16T18:00:00Z,85.6,88.8,54.9,84.9,88,0.6999999999999886,0.7999999999999972
2019-06-16T19:00:00Z,85.6,89,56.1,84,88,1.5999999999999943,1
2019-06-16T20:00:00Z,86.2,92,61.5,77,78,9.200000000000003,14
2019-06-16T21:00:00Z,88,97.8,65.5,77,79,11,18.799999999999997
2019-06-16T22:00:00Z,87.8,98,66.9,77,78,10.799999999999997,20
2019-06-16T23:00:00Z,86.6,96.1,69.3,75,76,11.599999999999994,20.099999999999994
2019-06-17T00:00:00Z,86.4,94.8,67.1,77,78,9.400000000000006,16.799999999999997
2019-06-17T01:00:00Z,86.2,93.6,65.3,77,78,9.200000000000003,15.599999999999994
2019-06-17T02:00:00Z,86.2,93.3,65.1,78.1,80,8.100000000000009,13.299999999999997
2019-06-17T03:00:00Z,86,91.3,60.7,75.9,77,10.099999999999994,14.299999999999997
2019-06-17T04:00:00Z,85.4,89.2,57.9,75.9,77,9.5,12.200000000000003
2019-06-17T05:00:00Z,85.3,89.2,58.5,73.9,75,11.399999999999991,14.200000000000003
2019-06-17T06:00:00Z,85.5,90,59.6,75.9,77,9.599999999999994,13
2019-06-17T07:00:00Z,85.6,90,59.5,77,78,8.599999999999994,12
2019-06-17T08:00:00Z,85.6,89.8,58.8,82,83,3.5999999999999943,6.799999999999997
2019-06-17T09:00:00Z,85.5,89.1,56.7,84.9,86,0.5999999999999943,3.0999999999999943
2019-06-17T10:00:00Z,85.3,88,53.7,84.9,86,0.3999999999999915,2
2019-06-17T11:00:00Z,85.4,88.1,53.7,88,90,-2.5999999999999943,-1.9000000000000057
2019-06-17T12:00:00Z,85.7,88.7,53.8,88,89,-2.299999999999997,-0.29999999999999716
2019-06-17T13:00:00Z,86.3,88.2,50.1,89.1,90,-2.799999999999997,-1.7999999999999972
2019-06-17T14:00:00Z,86.9,89.2,49.8,87.1,90,-0.19999999999998863,-0.7999999999999972
2019-06-17T15:00:00Z,87.4,90.7,51.9,86,91,1.4000000000000057,-0.29999999999999716
2019-06-17T16:00:00Z,87.4,92.8,57,82,85,5.400000000000006,7.799999999999997
2019-06-17T17:00:00Z,87.5,93.7,58.9,82,86,5.5,7.700000000000003
2019-06-17T18:00:00Z,87.6,93.2,57.8,81,84,6.599999999999994,9.200000000000003
2019-06-17T19:00:00Z,87.6,93,57,81,85,6.599999999999994,8
2019-06-17T20:00:00Z,87.4,93,57.9,79,82,8.400000000000006,11
2019-06-17T21:00:00Z,87.3,93.3,59,78.1,80,9.200000000000003,13.299999999999997
2019-06-17T22:00:00Z,87,93,60.4,77,78,10,15
2019-06-17T23:00:00Z,86.7,93.5,62.4,75,77,11.700000000000003,16.5
2019-06-18T00:00:00Z,86.5,93.8,64,73.9,75,12.599999999999994,18.799999999999997
2019-06-18T01:00:00Z,86.4,93.5,64.6,73,74,13.400000000000006,19.5
2019-06-18T02:00:00Z,86.4,94.4,65.9,73,74,13.400000000000006,20.400000000000006
2019-06-18T03:00:00Z,86.5,94.5,65.9,73,74,13.5,20.5
2019-06-18T04:00:00Z,86.6,95,67,73,74,13.599999999999994,21
2019-06-18T05:00:00Z,86.4,94.8,66.9,73,74,13.400000000000006,20.799999999999997
2019-06-18T06:00:00Z,86.2,94.9,67.9,73.9,75,12.299999999999997,19.900000000000006
2019-06-18T07:00:00Z,86.1,94.2,67.2,75,76,11.099999999999994,18.200000000000003
2019-06-18T08:00:00Z,86,94,66.7,75.9,77,10.099999999999994,17
2019-06-18T09:00:00Z,86.1,94,66.4,79,82,7.099999999999994,12
2019-06-18T10:00:00Z,86.5,94.6,66.3,84,91,2.5,3.5999999999999943
2019-06-18T11:00:00Z,86.8,94.4,64.3,81,85,5.799999999999997,9.400000000000006
2019-06-18T12:00:00Z,86.7,94.4,64.6,84.9,91,1.7999999999999972,3.4000000000000057
2019-06-18T13:00:00Z,87,96,66.8,84.9,89,2.0999999999999943,7
2019-06-18T14:00:00Z,87.1,93.1,59.4,86,89,1.0999999999999943,4.099999999999994
2019-06-18T15:00:00Z,87.3,92.2,56.3,84.9,87,2.3999999999999915,5.200000000000003
2019-06-18T16:00:00Z,87.4,91.8,54.8,84.9,88,2.5,3.799999999999997
2019-06-18T17:00:00Z,87.6,92.7,55.8,84,86,3.5999999999999943,6.700000000000003
2019-06-18T18:00:00Z,87.9,93.3,56.6,82.9,85,5,8.299999999999997
2019-06-18T19:00:00Z,88.2,94.3,57.6,82.9,85,5.299999999999997,9.299999999999997
2019-06-18T20:00:00Z,88.4,95.4,58.9,78.1,79,10.300000000000011,16.400000000000006
2019-06-18T21:00:00Z,87.4,92.6,56.6,77,78,10.400000000000006,14.599999999999994
2019-06-18T22:00:00Z,87.1,92.1,57.3,75,76,12.099999999999994,16.099999999999994
2019-06-18T23:00:00Z,86.8,92.2,59.2,73,74,13.799999999999997,18.200000000000003
2019-06-19T00:00:00Z,87,93.9,62.2,73,74,14,19.900000000000006
2019-06-19T01:00:00Z,87.3,95.8,64.7,73,74,14.299999999999997,21.799999999999997
2019-06-19T02:00:00Z,87.3,95.8,64.5,73,74,14.299999999999997,21.799999999999997
2019-06-19T03:00:00Z,87.1,95,64,73,74,14.099999999999994,21
2019-06-19T04:00:00Z,86.9,95,64.3,73,74,13.900000000000006,21
2019-06-19T05:00:00Z,86.8,94.1,63.4,73,74,13.799999999999997,20.099999999999994
2019-06-19T06:00:00Z,86.7,94.1,64.5,73,74,13.700000000000003,20.099999999999994
2019-06-19T07:00:00Z,86.7,94.2,64.6,73.9,75,12.799999999999997,19.200000000000003
2019-06-19T08:00:00Z,86.6,94.4,65,73.9,75,12.699999999999989,19.400000000000006
2019-06-19T09:00:00Z,86.5,93.8,64,75.9,77,10.599999999999994,16.799999999999997
2019-06-19T10:00:00Z,86.4,93,63,77,78,9.400000000000006,15
2019-06-19T11:00:00Z,86.5,93,62.3,80.1,83,6.400000000000006,10
2019-06-19T12:00:00Z,86.8,93.2,61.6,84,89,2.799999999999997,4.200000000000003
2019-06-19T13:00:00Z,87.2,93.4,60,81,85,6.200000000000003,8.400000000000006
2019-06-19T14:00:00Z,87.5,94.2,59.8,82.9,88,4.599999999999994,6.200000000000003
2019-06-19T15:00:00Z,87.9,95.1,60.6,82.9,88,5,7.099999999999994
2019-06-19T16:00:00Z,88,95.6,61,82.9,88,5.099999999999994,7.599999999999994
2019-06-19T17:00:00Z,88.3,97.9,63.8,82,87,6.299999999999997,10.900000000000006
2019-06-19T18:00:00Z,88.5,98.2,63.6,82,87,6.5,11.200000000000003
2019-06-19T19:00:00Z,88.7,98,62.8,82,87,6.700000000000003,11
2019-06-19T20:00:00Z,88.4,97.9,64,78.1,81,10.300000000000011,16.900000000000006
2019-06-19T21:00:00Z,88.3,100.2,68.5,77,79,11.299999999999997,21.200000000000003
2019-06-19T22:00:00Z,88.3,101.6,70.8,77,79,11.299999999999997,22.599999999999994
2019-06-19T23:00:00Z,88.3,101.5,70.9,77,79,11.299999999999997,22.5
2019-06-20T00:00:00Z,88.5,101.6,69.9,75.9,77,12.599999999999994,24.599999999999994
2019-06-20T01:00:00Z,88.7,102.9,70.9,75,76,13.700000000000003,26.900000000000006
2019-06-20T02:00:00Z,88.7,102,70,75,76,13.700000000000003,26
2019-06-20T03:00:00Z,88.6,101.5,69.7,75,76,13.599999999999994,25.5
2019-06-20T04:00:00Z,88.4,101,69.5,75,76,13.400000000000006,25
2019-06-20T05:00:00Z,88.2,100.2,69.1,75,76,13.200000000000003,24.200000000000003
2019-06-20T06:00:00Z,88,99.7,69,75,76,13,23.700000000000003
2019-06-20T07:00:00Z,87.7,99,69.2,75.9,77,11.799999999999997,22
2019-06-20T08:00:00Z,87.5,98.6,68.8,78.1,81,9.400000000000006,17.599999999999994
2019-06-20T09:00:00Z,87.2,96.7,67.4,82,88,5.200000000000003,8.700000000000003
2019-06-20T10:00:00Z,87.3,96.9,66.8,84,90,3.299999999999997,6.900000000000006
2019-06-20T11:00:00Z,87.6,97,65.7,86,92,1.5999999999999943,5
2019-06-20T12:00:00Z,88,96.7,63.2,86,92,2,4.700000000000003
2019-06-20T13:00:00Z,88.4,96.7,61.6,87.1,93,1.3000000000000114,3.700000000000003
2019-06-20T14:00:00Z,88.7,96.5,59.4,91.9,97,-3.200000000000003,-0.5
2019-06-20T15:00:00Z,89,97,59.1,89.1,94,-0.09999999999999432,3
2019-06-20T16:00:00Z,89.4,96.1,55.6,90,91,-0.5999999999999943,5.099999999999994
2019-06-20T17:00:00Z,89.9,95.4,52.2,88,88,1.9000000000000057,7.400000000000006
2019-06-20T18:00:00Z,90.4,97.1,53.7,86,87,4.400000000000006,10.099999999999994
2019-06-20T19:00:00Z,90.5,97.1,53.3,84,85,6.5,12.099999999999994
2019-06-20T20:00:00Z,90.3,96.9,53.3,82.9,84,7.3999999999999915,12.900000000000006
2019-06-20T21:00:00Z,90,95.8,52.5,82,83,8,12.799999999999997
2019-06-20T22:00:00Z,89.8,96,53.8,77,78,12.799999999999997,18
2019-06-20T23:00:00Z,89.4,97.4,58.2,73.9,75,15.5,22.400000000000006
2019-06-21T00:00:00Z,89.3,98.7,61.3,73,74,16.299999999999997,24.700000000000003
2019-06-21T01:00:00Z,89.2,98.8,61.9,73,74,16.200000000000003,24.799999999999997
2019-06-21T02:00:00Z,89.4,98.3,60.3,73,74,16.400000000000006,24.299999999999997
2019-06-21T03:00:00Z,89.2,96.5,57.3,73.9,74,15.299999999999997,22.5
2019-06-21T04:00:00Z,88.9,94.6,54.8,73.9,74,15,20.599999999999994
2019-06-21T05:00:00Z,88.4,93.1,53.4,73,73,15.400000000000006,20.099999999999994
2019-06-21T06:00:00Z,88.1,92.7,53.5,73.9,74,14.199999999999989,18.700000000000003
2019-06-21T07:00:00Z,87.4,90.5,51,73.9,74,13.5,16.5
2019-06-21T08:00:00Z,86.6,88.6,49.3,73.9,74,12.699999999999989,14.599999999999994
2019-06-21T09:00:00Z,86.2,88.2,50,73.9,74,12.299999999999997,14.200000000000003
2019-06-21T10:00:00Z,85.2,86,47.2,78.1,78,7.1000000000000085,8
2019-06-21T11:00:00Z,84.3,84.9,46.4,78.1,78,6.200000000000003,6.900000000000006
2019-06-21T12:00:00Z,84,84,45.1,79,79,5,5
2019-06-21T13:00:00Z,84,83.9,43.4,81,81,3,2.9000000000000057
2019-06-21T14:00:00Z,84.4,84,41.9,82,81,2.4000000000000057,3
2019-06-21T15:00:00Z,84.8,84.2,40.9,82,81,2.799999999999997,3.200000000000003
2019-06-21T16:00:00Z,85.4,84.4,38.6,82.9,82,2.5,2.4000000000000057
2019-06-21T17:00:00Z,86,85.6,40.4,82,81,4,4.599999999999994
2019-06-21T18:00:00Z,86.3,86.1,42.4,81,81,5.299999999999997,5.099999999999994
2019-06-21T19:00:00Z,86.4,87,44.3,79,79,7.400000000000006,8
2019-06-21T20:00:00Z,86.6,87.2,45.3,78.1,78,8.5,9.200000000000003
2019-06-21T21:00:00Z,86.7,88,45.9,77,76,9.700000000000003,12
2019-06-21T22:00:00Z,86.4,86.4,42.3,75.9,75,10.5,11.400000000000006
2019-06-21T23:00:00Z,85.8,85,38.5,73.9,73,11.899999999999991,12
2019-06-22T00:00:00Z,85.5,84.4,37.9,73,72,12.5,12.400000000000006
2019-06-22T01:00:00Z,85.4,84.8,39,71.1,70,14.300000000000011,14.799999999999997
2019-06-22T02:00:00Z,85.2,84,38.6,70,69,15.200000000000003,15
2019-06-22T03:00:00Z,84.8,84,37.9,68,67,16.799999999999997,17
2019-06-22T04:00:00Z,84.4,83.1,37.6,66.9,66,17.5,17.099999999999994
2019-06-22T05:00:00Z,84,83,37.8,66,65,18,18
2019-06-22T06:00:00Z,83.4,82,36.3,66.9,66,16.5,16
2019-06-22T07:00:00Z,82.8,82,36.6,71.1,70,11.700000000000003,12
2019-06-22T08:00:00Z,82.3,81.4,38,73,72,9.299999999999997,9.400000000000006
2019-06-22T09:00:00Z,82.1,81.7,40.6,75,74,7.099999999999994,7.700000000000003
2019-06-22T10:00:00Z,82.2,81.7,41,78.1,77,4.1000000000000085,4.700000000000003
2019-06-22T11:00:00Z,83,82.5,42,79,78,4,4.5
2019-06-22T12:00:00Z,84.1,84.1,44,80.1,80,4,4.099999999999994
2019-06-22T13:00:00Z,85.1,85.1,43.5,81,80,4.099999999999994,5.099999999999994
2019-06-22T14:00:00Z,86,86,42.6,81,80,5,6
2019-06-22T15:00:00Z,86.8,86.8,41,82,80,4.799999999999997,6.799999999999997
2019-06-22T16:00:00Z,88.8,87.9,36.4,82,80,6.799999999999997,7.900000000000006
2019-06-22T17:00:00Z,89.9,88.6,33.4,81,80,8.900000000000006,8.599999999999994
2019-06-22T18:00:00Z,89.6,87.6,30.7,80.1,79,9.5,8.599999999999994
2019-06-22T19:00:00Z,89.4,87.6,31.4,79,78,10.400000000000006,9.599999999999994
2019-06-22T20:00:00Z,89.3,88,33.2,79,78,10.299999999999997,10
2019-06-22T21:00:00Z,89.1,88.7,37.2,77,76,12.099999999999994,12.700000000000003
2019-06-22T22:00:00Z,89,88.9,38.6,75.9,75,13.099999999999994,13.900000000000006
2019-06-22T23:00:00Z,88.8,88.6,38.9,75,74,13.799999999999997,14.599999999999994
2019-06-23T00:00:00Z,88.5,88.1,39.2,73.9,73,14.599999999999994,15.099999999999994
2019-06-23T01:00:00Z,88.3,88,38.5,72,71,16.299999999999997,17
2019-06-23T02:00:00Z,88.1,88,40,70,69,18.099999999999994,19
2019-06-23T03:00:00Z,88.1,88.9,42.3,69.1,68,19,20.900000000000006
2019-06-23T04:00:00Z,87.8,88,41.4,68,67,19.799999999999997,21
2019-06-23T05:00:00Z,87.2,86.9,39.7,66.9,66,20.299999999999997,20.900000000000006
2019-06-23T06:00:00Z,86.8,87,41,69.1,68,17.700000000000003,19
2019-06-23T07:00:00Z,86.5,86.1,41.7,72,71,14.5,15.099999999999994
2019-06-23T08:00:00Z,86.3,86,41.9,75.9,75,10.399999999999991,11
2019-06-23T09:00:00Z,86.2,86,41.1,78.1,77,8.100000000000009,9
2019-06-23T10:00:00Z,86.1,85.7,40,79,78,7.099999999999994,7.700000000000003
2019-06-23T11:00:00Z,86.1,85,38.9,80.1,79,6,6
2019-06-23T12:00:00Z,86.4,85.4,38.1,82.9,81,3.5,4.400000000000006
2019-06-23T13:00:00Z,86.5,85,34.3,82.9,81,3.5999999999999943,4
2019-06-23T14:00:00Z,86.5,84.1,31.2,84.9,83,1.5999999999999943,1.0999999999999943
2019-06-23T15:00:00Z,86.7,85.1,33.1,86,84,0.7000000000000028,1.0999999999999943
2019-06-23T16:00:00Z,87.2,85.7,35.2,84.9,83,2.299999999999997,2.700000000000003
2019-06-23T17:00:00Z,87.5,85.7,33.1,84,82,3.5,3.700000000000003
2019-06-23T18:00:00Z,88,86.8,35.2,82.9,81,5.099999999999994,5.799999999999997
2019-06-23T19:00:00Z,88.5,87.5,36.3,82,81,6.5,6.5
2019-06-23T20:00:00Z,89,89.3,40.2,81,80,8,9.299999999999997
2019-06-23T21:00:00Z,89.2,89.7,40.2,79,79,10.200000000000003,10.700000000000003
2019-06-23T22:00:00Z,88.6,88.1,37.3,75.9,75,12.699999999999989,13.099999999999994
2019-06-23T23:00:00Z,87.9,87.2,38.2,75,75,12.900000000000006,12.200000000000003
2019-06-24T00:00:00Z,87.8,87.7,40.6,73,73,14.799999999999997,14.700000000000003
2019-06-24T01:00:00Z,88,88.8,42.5,71.1,71,16.900000000000006,17.799999999999997
2019-06-24T02:00:00Z,88,89,44.1,70,70,18,19
2019-06-24T03:00:00Z,87.9,89,44.3,70,70,17.900000000000006,19
2019-06-24T04:00:00Z,87.8,89,45.7,70,70,17.799999999999997,19
2019-06-24T05:00:00Z,87.8,89.7,46.7,70,70,17.799999999999997,19.700000000000003
2019-06-24T06:00:00Z,87.5,89,47.4,73,73,14.5,16
2019-06-24T07:00:00Z,87.3,89,47.8,73.9,74,13.399999999999991,15
2019-06-24T08:00:00Z,87.2,89,47.3,77,77,10.200000000000003,12
2019-06-24T09:00:00Z,87.3,89,47.9,79,81,8.299999999999997,8
2019-06-24T10:00:00Z,87.2,88.9,47.2,81,82,6.200000000000003,6.900000000000006
2019-06-24T11:00:00Z,87.1,89,48.2,84.9,87,2.1999999999999886,2
2019-06-24T12:00:00Z,87.2,89,47,84.9,88,2.299999999999997,1
2019-06-24T13:00:00Z,87.8,89.7,47.3,87.1,91,0.7000000000000028,-1.2999999999999972
2019-06-24T14:00:00Z,88.5,91.6,49.7,87.1,93,1.4000000000000057,-1.4000000000000057
2019-06-24T15:00:00Z,89.2,93.6,51.6,84.9,89,4.299999999999997,4.599999999999994
2019-06-24T16:00:00Z,89.7,95.4,52.8,86,92,3.700000000000003,3.4000000000000057
2019-06-24T17:00:00Z,90,96.5,54.2,84.9,91,5.099999999999994,5.5
2019-06-24T18:00:00Z,90,97,55.2,84,90,6,7
2019-06-24T19:00:00Z,90,97.1,55.8,84,90,6,7.099999999999994
2019-06-24T20:00:00Z,89.9,97.5,56.5,82,86,7.900000000000006,11.5
2019-06-24T21:00:00Z,89.7,97,56.5,80.1,84,9.600000000000009,13
2019-06-24T22:00:00Z,89.5,97,57,79,82,10.5,15
2019-06-24T23:00:00Z,89.2,97,58,78.1,81,11.100000000000009,16
2019-06-25T00:00:00Z,88.7,97.5,61.7,78.1,81,10.600000000000009,16.5
2019-06-25T01:00:00Z,88.6,98.6,64.2,77,79,11.599999999999994,19.599999999999994
2019-06-25T02:00:00Z,88.9,99.2,63.8,78.1,81,10.800000000000011,18.200000000000003
2019-06-25T03:00:00Z,89,98.8,62.8,75.9,77,13.099999999999994,21.799999999999997
2019-06-25T04:00:00Z,89.2,99.3,62.7,75,76,14.200000000000003,23.299999999999997
2019-06-25T05:00:00Z,89.2,99,62.4,75,76,14.200000000000003,23
2019-06-25T06:00:00Z,88.9,98.1,61.8,75,76,13.900000000000006,22.099999999999994
2019-06-25T07:00:00Z,88.7,96.9,60.1,78.1,80,10.600000000000009,16.900000000000006
2019-06-25T08:00:00Z,88.5,95.8,59,81,84,7.5,11.799999999999997
2019-06-25T09:00:00Z,88.5,94.6,56.3,82,84,6.5,10.599999999999994
2019-06-25T10:00:00Z,88.2,92.5,53.1,82.9,85,5.299999999999997,7.5
2019-06-25T11:00:00Z,88.2,91.7,50.8,84,85,4.200000000000003,6.700000000000003
2019-06-25T12:00:00Z,88.2,91.1,49.7,84.9,86,3.299999999999997,5.099999999999994
2019-06-25T13:00:00Z,88.5,92.9,52.3,88,89,0.5,3.9000000000000057
2019-06-25T14:00:00Z,89,92.1,48.3,88,89,1,3.0999999999999943
2019-06-25T15:00:00Z,89.3,92,46.7,89.1,90,0.20000000000000284,2
2019-06-25T16:00:00Z,89.8,92,44.7,90,90,-0.20000000000000284,2
2019-06-25T17:00:00Z,90.3,92.3,43.3,88,88,2.299999999999997,4.299999999999997
2019-06-25T18:00:00Z,90.6,93,43.1,87.1,86,3.5,7
2019-06-25T19:00:00Z,90.7,92.2,41,84.9,85,5.799999999999997,7.200000000000003
2019-06-25T20:00:00Z,90.7,92.3,41.7,84,84,6.700000000000003,8.299999999999997
2019-06-25T21:00:00Z,91,94.8,46.3,82.9,83,8.099999999999994,11.799999999999997
2019-06-25T22:00:00Z,91.1,94.7,45.6,81,82,10.099999999999994,12.700000000000003
2019-06-25T23:00:00Z,90.7,94,46.1,79,80,11.700000000000003,14
2019-06-26T00:00:00Z,90.4,93.4,45.8,78.1,78,12.300000000000011,15.400000000000006
2019-06-26T01:00:00Z,90,92.9,46.2,77,77,13,15.900000000000006
2019-06-26T02:00:00Z,89.6,91.9,45.4,75.9,76,13.699999999999989,15.900000000000006
2019-06-26T03:00:00Z,89.7,92.7,46.1,73.9,74,15.799999999999997,18.700000000000003
2019-06-26T04:00:00Z,89.8,93,46.8,73,73,16.799999999999997,20
2019-06-26T05:00:00Z,89.7,93.2,48.2,73,73,16.700000000000003,20.200000000000003
2019-06-26T06:00:00Z,89.4,92.8,48.3,73.9,74,15.5,18.799999999999997
2019-06-26T07:00:00Z,88.6,91,46.3,78.1,78,10.5,13
2019-06-26T08:00:00Z,88.4,90.4,46.1,82,83,6.400000000000006,7.400000000000006
2019-06-26T09:00:00Z,88.2,90,46,84,84,4.200000000000003,6
2019-06-26T10:00:00Z,88.3,90,45.8,86,87,2.299999999999997,3
2019-06-26T11:00:00Z,88.4,90.1,45.8,88,88,0.4000000000000057,2.0999999999999943
2019-06-26T12:00:00Z,88.6,90.3,45.6,87.1,88,1.5,2.299999999999997
2019-06-26T13:00:00Z,89.1,91.4,46.1,89.1,90,0,1.4000000000000057
2019-06-26T14:00:00Z,89.7,92.5,46.4,90,90,-0.29999999999999716,2.5
2019-06-26T15:00:00Z,90.2,92.9,45.4,91.9,93,-1.7000000000000028,-0.09999999999999432
2019-06-26T16:00:00Z,90.6,93.4,44.7,90,90,0.5999999999999943,3.4000000000000057
2019-06-26T17:00:00Z,90.9,93.7,44.2,90,90,0.9000000000000057,3.700000000000003
2019-06-26T18:00:00Z,91.2,93.9,43.3,90,90,1.2000000000000028,3.9000000000000057
2019-06-26T19:00:00Z,91.5,94.3,42.8,88,88,3.5,6.299999999999997
2019-06-26T20:00:00Z,91.6,94.7,43.9,87.1,87,4.5,7.700000000000003
2019-06-26T21:00:00Z,91.8,95.6,44.8,84.9,86,6.8999999999999915,9.599999999999994
2019-06-26T22:00:00Z,91.9,96.7,46.7,84,85,7.900000000000006,11.700000000000003
2019-06-26T23:00:00Z,91.9,96,45.2,82,83,9.900000000000006,13
2019-06-27T00:00:00Z,92,97.4,47.7,81,83,11,14.400000000000006
2019-06-27T01:00:00Z,92.1,98.4,49.4,79,81,13.099999999999994,17.400000000000006
2019-06-27T02:00:00Z,92.2,99.3,50.9,79,81,13.200000000000003,18.299999999999997
2019-06-27T03:00:00Z,92.1,99.5,51.3,79,81,13.099999999999994,18.5
2019-06-27T04:00:00Z,91.9,98.8,50.5,79,81,12.900000000000006,17.799999999999997
2019-06-27T05:00:00Z,91.6,97.6,49.7,80.1,82,11.5,15.599999999999994
2019-06-27T06:00:00Z,91.4,97.5,50.5,80.1,82,11.300000000000011,15.5
2019-06-27T07:00:00Z,91.2,97.5,51.1,82,84,9.200000000000003,13.5
2019-06-27T08:00:00Z,91.2,97.8,51.3,84.9,85,6.299999999999997,12.799999999999997
2019-06-27T09:00:00Z,91,96.5,49.9,88,89,3,7.5
2019-06-27T10:00:00Z,91,96,49.2,89.1,90,1.9000000000000057,6
2019-06-27T11:00:00Z,91,95.3,47.2,91,92,0,3.299999999999997
2019-06-27T12:00:00Z,91.1,94.1,44.6,90,90,1.0999999999999943,4.099999999999994
2019-06-27T13:00:00Z,91.6,96.1,46.7,93,95,-1.4000000000000057,1.0999999999999943
2019-06-27T14:00:00Z,92.3,96.3,45,91.9,95,0.3999999999999915,1.2999999999999972
2019-06-27T15:00:00Z,92.9,96.8,43.6,93,97,-0.09999999999999432,-0.20000000000000284
2019-06-27T16:00:00Z,93.1,97.5,43.6,91,94,2.0999999999999943,3.5
2019-06-27T17:00:00Z,93.1,98.2,45.5,88,91,5.099999999999994,7.200000000000003
2019-06-27T18:00:00Z,93.1,99,46.8,87.1,91,6,8
2019-06-27T19:00:00Z,93,98.9,46.9,87.1,91,5.900000000000006,7.900000000000006
2019-06-27T20:00:00Z,93.1,99.8,48.2,86,89,7.099999999999994,10.799999999999997
2019-06-27T21:00:00Z,93,100,48.8,84,86,9,14
2019-06-27T22:00:00Z,92.7,100.7,51,81,82,11.700000000000003,18.700000000000003
2019-06-27T23:00:00Z,92.4,97,45.6,80.1,81,12.300000000000011,16
2019-06-28T00:00:00Z,92.3,97.1,46.4,79,81,13.299999999999997,16.099999999999994
2019-06-28T01:00:00Z,92.5,99.2,49.5,79,81,13.5,18.200000000000003
2019-06-28T02:00:00Z,92.5,100,51.1,79,81,13.5,19
2019-06-28T03:00:00Z,92.3,100.9,52.5,77,77,15.299999999999997,23.900000000000006
2019-06-28T04:00:00Z,92.2,100.4,52.6,77,77,15.200000000000003,23.400000000000006
2019-06-28T05:00:00Z,92,101,54.2,75.9,76,16.099999999999994,25
2019-06-28T06:00:00Z,91.9,101,54.1,78.1,79,13.800000000000011,22
2019-06-28T07:00:00Z,91.8,100.4,54.1,82,84,9.799999999999997,16.400000000000006
2019-06-28T08:00:00Z,91.6,99.3,53.2,84.9,88,6.699999999999989,11.299999999999997
2019-06-28T09:00:00Z,91.5,99,52.8,88,91,3.5,8
2019-06-28T10:00:00Z,91.5,98.6,52.4,90,94,1.5,4.599999999999994
2019-06-28T11:00:00Z,91.4,97.1,49.4,91.9,95,-0.5,2.0999999999999943
2019-06-28T12:00:00Z,91.6,96,46.5,93.9,98,-2.3000000000000114,-2
2019-06-28T13:00:00Z,92.1,96.1,44.7,93.9,101,-1.8000000000000114,-4.900000000000006
2019-06-28T14:00:00Z,92.7,97.6,45.8,91,97,1.7000000000000028,0.5999999999999943
2019-06-28T15:00:00Z,93.2,99.5,47.3,91,97,2.200000000000003,2.5
2019-06-28T16:00:00Z,93.5,100.2,47.5,93,99,0.5,1.2000000000000028
2019-06-28T17:00:00Z,93.9,102.1,49,89.1,93,4.800000000000011,9.099999999999994
2019-06-28T18:00:00Z,94.1,103.1,49.9,77,78,17.099999999999994,25.099999999999994
2019-06-28T19:00:00Z,93.4,102,50.8,81,82,12.400000000000006,20
2019-06-28T20:00:00Z,93.4,104,54,82.9,84,10.5,20
2019-06-28T21:00:00Z,93.5,105.5,55.5,84,85,9.5,20.5
2019-06-28T22:00:00Z,92.9,102.4,53.2,79,82,13.900000000000006,20.400000000000006
2019-06-28T23:00:00Z,91.6,99.3,52.7,81,84,10.599999999999994,15.299999999999997
2019-06-29T00:00:00Z,91.8,101.1,55,81,83,10.799999999999997,18.099999999999994
2019-06-29T01:00:00Z,92.2,101.2,54,81,83,11.200000000000003,18.200000000000003
2019-06-29T02:00:00Z,92.4,101.3,53.2,79,81,13.400000000000006,20.299999999999997
2019-06-29T03:00:00Z,92.1,99.8,52.1,79,81,13.099999999999994,18.799999999999997
2019-06-29T04:00:00Z,91.7,98.3,50.8,78.1,79,13.600000000000009,19.299999999999997
2019-06-29T05:00:00Z,91.6,98.9,51.8,75.9,77,15.699999999999989,21.900000000000006
2019-06-29T06:00:00Z,91.4,98.5,52.2,78.1,79,13.300000000000011,19.5
2019-06-29T07:00:00Z,91.1,97.4,51.4,82,84,9.099999999999994,13.400000000000006
2019-06-29T08:00:00Z,90.8,97,51.7,87.1,91,3.700000000000003,6
2019-06-29T09:00:00Z,90.8,97,52,90,95,0.7999999999999972,2
2019-06-29T10:00:00Z,90.9,97.4,51.9,91,96,-0.09999999999999432,1.4000000000000057
2019-06-29T11:00:00Z,91.4,98,51.4,93.9,99,-2.5,-1
2019-06-29T12:00:00Z,91.8,97.5,48.8,95,100,-3.200000000000003,-2.5
2019-06-29T13:00:00Z,92.3,98.6,48.7,96.1,100,-3.799999999999997,-1.4000000000000057
2019-06-29T14:00:00Z,92.5,97.6,46.3,95,98,-2.5,-0.4000000000000057
2019-06-29T15:00:00Z,92.8,97.3,44.8,95,96,-2.200000000000003,1.2999999999999972
2019-06-29T16:00:00Z,92.8,97.1,44.5,82.9,84,9.899999999999991,13.099999999999994
2019-06-29T17:00:00Z,92.3,96.6,45.3,82.9,85,9.399999999999991,11.599999999999994
2019-06-29T18:00:00Z,91.6,97.5,49.4,81,85,10.599999999999994,12.5
2019-06-29T19:00:00Z,90.8,97.5,52.6,80.1,82,10.700000000000003,15.5
2019-06-29T20:00:00Z,90.4,96.2,51.7,80.1,83,10.300000000000011,13.200000000000003
2019-06-29T21:00:00Z,90.6,97.4,53.3,81,84,9.599999999999994,13.400000000000006
2019-06-29T22:00:00Z,91,98.2,53.4,75.9,77,15.099999999999994,21.200000000000003
2019-06-29T23:00:00Z,91.1,98.3,53.1,78.1,80,13,18.299999999999997
2019-06-30T00:00:00Z,90.8,98.9,54.8,75.9,77,14.899999999999991,21.900000000000006
2019-06-30T01:00:00Z,90.8,98.1,53.8,75.9,77,14.899999999999991,21.099999999999994
2019-06-30T02:00:00Z,90.3,95,49.3,75.9,76,14.399999999999991,19
2019-06-30T03:00:00Z,89.4,92.9,48.4,75.9,76,13.5,16.900000000000006
2019-06-30T04:00:00Z,88.9,92.1,48.8,75.9,76,13,16.099999999999994
2019-06-30T05:00:00Z,88.3,91.4,49.7,75,76,13.299999999999997,15.400000000000006
2019-06-30T06:00:00Z,88.4,92,50.6,77,77,11.400000000000006,15
2019-06-30T07:00:00Z,88.3,91.7,50.3,79,81,9.299999999999997,10.700000000000003
2019-06-30T08:00:00Z,87.9,91.1,50.6,81,83,6.900000000000006,8.099999999999994
2019-06-30T09:00:00Z,87.6,90.8,50.8,84.9,86,2.6999999999999886,4.799999999999997
2019-06-30T10:00:00Z,87.5,89.1,46.5,86,85,1.5,4.099999999999994
2019-06-30T11:00:00Z,87.3,87.9,43,88,87,-0.7000000000000028,0.9000000000000057
2019-06-30T12:00:00Z,87.4,87.2,40.2,89.1,88,-1.6999999999999886,-0.7999999999999972
2019-06-30T13:00:00Z,88.1,88.5,41.8,89.1,88,-1,0.5
2019-06-30T14:00:00Z,88.6,88,38.2,91,89,-2.4000000000000057,-1
2019-06-30T15:00:00Z,89.1,88.9,38.2,91,89,-1.9000000000000057,-0.09999999999999432
2019-06-30T16:00:00Z,89.8,89.9,38.9,91,89,-1.2000000000000028,0.9000000000000057
2019-06-30T17:00:00Z,90,89.5,36.2,90,88,0,1.5
2019-06-30T18:00:00Z,90.4,89.7,35.1,88,86,2.4000000000000057,3.700000000000003
2019-06-30T19:00:00Z,90.8,90,34,87.1,85,3.700000000000003,5
2019-06-30T20:00:00Z,91,90.8,35.9,84.9,84,6.099999999999994,6.799999999999997
2019-06-30T21:00:00Z,91,91.6,38.1,82.9,82,8.099999999999994,9.599999999999994
2019-06-30T22:00:00Z,90.4,90.3,36.9,79,79,11.400000000000006,11.299999999999997
2019-06-30T23:00:00Z,89.6,89.3,37.4,77,77,12.599999999999994,12.299999999999997
2019-07-01T00:00:00Z,88.8,88.2,37.4,75,74,13.799999999999997,14.200000000000003
2019-07-01T01:00:00Z,88.2,87.4,37.6,73.9,73,14.299999999999997,14.400000000000006
2019-07-01T02:00:00Z,88.2,88,39.2,73,72,15.200000000000003,16
2019-07-01T03:00:00Z,87.9,87.3,38.2,72,71,15.900000000000006,16.299999999999997
2019-07-01T04:00:00Z,88,87.9,40.2,70,69,18,18.900000000000006
2019-07-01T05:00:00Z,88.1,88.2,41.2,70,69,18.099999999999994,19.200000000000003
2019-07-01T06:00:00Z,88.3,89,42.7,70,69,18.299999999999997,20
2019-07-01T07:00:00Z,87.8,87.3,38.2,72,71,15.799999999999997,16.299999999999997
2019-07-01T08:00:00Z,87,86.1,38.5,73.9,73,13.099999999999994,13.099999999999994
2019-07-01T09:00:00Z,86.7,86,40.3,77,77,9.700000000000003,9
2019-07-01T10:00:00Z,86.5,86,40.7,78.1,78,8.400000000000006,8
2019-07-01T11:00:00Z,86.7,86,39.2,81,81,5.700000000000003,5
2019-07-01T12:00:00Z,87,86.2,39,82.9,82,4.099999999999994,4.200000000000003
2019-07-01T13:00:00Z,87.5,86.8,38.4,84,83,3.5,3.799999999999997
2019-07-01T14:00:00Z,88.2,87.9,39,86,84,2.200000000000003,3.9000000000000057
2019-07-01T15:00:00Z,88.7,88.3,38.3,87.1,86,1.6000000000000085,2.299999999999997
2019-07-01T16:00:00Z,89.2,89.1,38.7,86,85,3.200000000000003,4.099999999999994
2019-07-01T17:00:00Z,89.7,90,39,82.9,83,6.799999999999997,7
2019-07-01T18:00:00Z,90.1,90.3,38.8,81,82,9.099999999999994,8.299999999999997
2019-07-01T19:00:00Z,90.2,91,39.4,81,82,9.200000000000003,9
2019-07-01T20:00:00Z,90,91,40.4,80.1,81,9.900000000000006,10
2019-07-01T21:00:00Z,89.9,91,41.3,78.1,78,11.800000000000011,13
2019-07-01T22:00:00Z,89.7,91,42,77,77,12.700000000000003,14
2019-07-01T23:00:00Z,89.6,91,42.3,75.9,76,13.699999999999989,15
2019-07-02T00:00:00Z,89.5,91,43,75,75,14.5,16
2019-07-02T01:00:00Z,89.4,91,43.7,73.9,74,15.5,17
2019-07-02T02:00:00Z,89.4,91,44.1,73,73,16.400000000000006,18
2019-07-02T03:00:00Z,89.3,91,44.1,73,73,16.299999999999997,18
2019-07-02T04:00:00Z,89,90.6,43.6,71.1,71,17.900000000000006,19.599999999999994
2019-07-02T05:00:00Z,88.3,89.6,44,71.1,71,17.200000000000003,18.599999999999994
2019-07-02T06:00:00Z,88,89,43.7,73.9,74,14.099999999999994,15
2019-07-02T07:00:00Z,88,89,44.1,79,80,9,9
2019-07-02T08:00:00Z,87.9,88.8,43.6,82.9,83,5,5.799999999999997
2019-07-02T09:00:00Z,87.8,88.5,43.3,86,86,1.7999999999999972,2.5
2019-07-02T10:00:00Z,88.1,89,43.8,88,89,0.09999999999999432,0
2019-07-02T11:00:00Z,88.5,89.9,44.2,91,93,-2.5,-3.0999999999999943
2019-07-02T12:00:00Z,89.1,91.6,46.3,93,97,-3.9000000000000057,-5.400000000000006
2019-07-02T13:00:00Z,89.9,93.6,48.1,91.9,95,-2,-1.4000000000000057
2019-07-02T14:00:00Z,90.8,95.4,48.7,95,101,-4.200000000000003,-5.599999999999994
2019-07-02T15:00:00Z,91.5,97,49.1,95,100,-3.5,-3
2019-07-02T16:00:00Z,92,97.5,48.2,95,99,-3,-1.5
2019-07-02T17:00:00Z,92.5,97.6,46.2,93,97,-0.5,0.5999999999999943
2019-07-02T18:00:00Z,92.2,97,45.9,87.1,89,5.1000000000000085,8
2019-07-02T19:00:00Z,91.7,96,46.1,79,81,12.700000000000003,15
2019-07-02T20:00:00Z,90.7,97.4,53,73.9,75,16.799999999999997,22.400000000000006
2019-07-02T21:00:00Z,90,96.5,54.1,73,74,17,22.5
2019-07-02T22:00:00Z,90,97,55.3,73.9,75,16.099999999999994,22
2019-07-02T23:00:00Z,90,97.1,55.5,75,76,15,21.099999999999994
2019-07-03T00:00:00Z,89.9,96.8,54.9,75,76,14.900000000000006,20.799999999999997
2019-07-03T01:00:00Z,89.5,96,55.2,75,76,14.5,20
2019-07-03T02:00:00Z,89.4,96,55.9,75.9,77,13.5,19
2019-07-03T03:00:00Z,89.3,96,56,75.9,77,13.399999999999991,19
2019-07-03T04:00:00Z,89.2,95.7,55.9,75,76,14.200000000000003,19.700000000000003
2019-07-03T05:00:00Z,89.1,95.3,55.6,75,76,14.099999999999994,19.299999999999997
2019-07-03T06:00:00Z,89,94.9,54.5,77,78,12,16.900000000000006
2019-07-03T07:00:00Z,88.8,94,54.1,81,84,7.799999999999997,10
2019-07-03T08:00:00Z,88.7,93.9,53.5,81,84,7.700000000000003,9.900000000000006
2019-07-03T09:00:00Z,88.5,92.8,52.4,81,83,7.5,9.799999999999997
2019-07-03T10:00:00Z,88.4,92.2,51.4,86,89,2.4000000000000057,3.200000000000003
2019-07-03T11:00:00Z,88.4,92.3,51,87.1,91,1.3000000000000114,1.2999999999999972
2019-07-03T12:00:00Z,88.8,93.2,52,89.1,93,-0.29999999999999716,0.20000000000000284
2019-07-03T13:00:00Z,89.7,95.2,52.9,91.9,97,-2.200000000000003,-1.7999999999999972
2019-07-03T14:00:00Z,90.4,96,51.7,91.9,96,-1.5,0
2019-07-03T15:00:00Z,90.9,96.4,50.2,91,95,-0.09999999999999432,1.4000000000000057
2019-07-03T16:00:00Z,91.4,97.4,49.9,91.9,96,-0.5,1.4000000000000057
2019-07-03T17:00:00Z,91.9,98.2,49.7,88,94,3.9000000000000057,4.200000000000003
2019-07-03T18:00:00Z,92.2,99.4,50.6,84.9,92,7.299999999999997,7.400000000000006
2019-07-03T19:00:00Z,92.1,100.9,53.7,81,85,11.099999999999994,15.900000000000006
2019-07-03T20:00:00Z,91.9,100.6,53.7,82,88,9.900000000000006,12.599999999999994
2019-07-03T21:00:00Z,92,100.4,53.1,82.9,89,9.099999999999994,11.400000000000006
2019-07-03T22:00:00Z,91.9,100.1,53.2,82.9,88,9,12.099999999999994
2019-07-03T23:00:00Z,91.5,99.2,53.5,82,87,9.5,12.200000000000003
2019-07-04T00:00:00Z,91.2,99.4,55,81,85,10.200000000000003,14.400000000000006
2019-07-04T01:00:00Z,91.6,102.5,58.3,81,85,10.599999999999994,17.5
2019-07-04T02:00:00Z,92.1,104.7,59.8,81,85,11.099999999999994,19.700000000000003
2019-07-04T03:00:00Z,92.2,105.1,60,80.1,84,12.100000000000009,21.099999999999994
2019-07-04T04:00:00Z,92.2,105.5,60.3,80.1,84,12.100000000000009,21.5
2019-07-04T05:00:00Z,91.9,103.6,58.8,79,82,12.900000000000006,21.599999999999994
2019-07-04T06:00:00Z,91.7,103.5,59.4,81,85,10.700000000000003,18.5
2019-07-04T07:00:00Z,91.6,102.9,58.7,82.9,88,8.699999999999989,14.900000000000006
2019-07-04T08:00:00Z,91.6,103,59,86,93,5.599999999999994,10
2019-07-04T09:00:00Z,91.6,103,59.2,89.1,98,2.5,5
2019-07-04T10:00:00Z,91.6,101.2,56.2,90,98,1.5999999999999943,3.200000000000003
2019-07-04T11:00:00Z,91.7,100.1,54.2,91.9,102,-0.20000000000000284,-1.9000000000000057
2019-07-04T12:00:00Z,92,101.6,55.3,86,93,6,8.599999999999994
2019-07-04T13:00:00Z,91,99.4,55.4,81,85,10,14.400000000000006
2019-07-04T14:00:00Z,90.4,98.9,56.8,79,82,11.400000000000006,16.900000000000006
2019-07-04T15:00:00Z,90.7,101.1,59.5,79,82,11.700000000000003,19.099999999999994
2019-07-04T16:00:00Z,90.7,104,64,79,82,11.700000000000003,22
2019-07-04T17:00:00Z,90.7,103.4,62.9,81,86,9.700000000000003,17.400000000000006
2019-07-04T18:00:00Z,90.3,101,60.6,80.1,85,10.200000000000003,16
2019-07-04T19:00:00Z,89.7,100.1,62.3,80.1,84,9.600000000000009,16.099999999999994
2019-07-04T20:00:00Z,89.1,97.6,59.9,80.1,84,9,13.599999999999994
2019-07-04T21:00:00Z,88.8,97,60.4,79,82,9.799999999999997,15
2019-07-04T22:00:00Z,88.4,97.1,62,79,82,9.400000000000006,15.099999999999994
2019-07-04T23:00:00Z,88.2,98,64.3,79,82,9.200000000000003,16
2019-07-05T00:00:00Z,88.1,97.3,64,79,82,9.099999999999994,15.299999999999997
2019-07-05T01:00:00Z,88.2,97.4,63.6,79,82,9.200000000000003,15.400000000000006
2019-07-05T02:00:00Z,88.7,99.4,65,78.1,80,10.600000000000009,19.400000000000006
2019-07-05T03:00:00Z,89.2,100,64.2,77,78,12.200000000000003,22
2019-07-05T04:00:00Z,89.3,100,63.6,77,78,12.299999999999997,22
2019-07-05T05:00:00Z,89.4,100,63.5,78.1,81,11.300000000000011,19
2019-07-05T06:00:00Z,88.7,98.5,63.4,78.1,81,10.600000000000009,17.5
2019-07-05T07:00:00Z,88.4,99,65.9,79,83,9.400000000000006,16
2019-07-05T08:00:00Z,88.6,100.5,67.3,80.1,85,8.5,15.5
2019-07-05T09:00:00Z,88.7,99.9,65.9,82.9,89,5.799999999999997,10.900000000000006
2019-07-05T10:00:00Z,89,99.2,63.6,86,94,3,5.200000000000003
2019-07-05T11:00:00Z,89.2,98.3,60.6,88,97,1.2000000000000028,1.2999999999999972
2019-07-05T12:00:00Z,89.6,98.7,59.9,89.1,99,0.5,-0.29999999999999716
2019-07-05T13:00:00Z,90.1,99.6,59.7,89.1,98,1,1.5999999999999943
2019-07-05T14:00:00Z,90.5,100.1,59,90,101,0.5,-0.9000000000000057
2019-07-05T15:00:00Z,90.8,100.6,58.4,91,104,-0.20000000000000284,-3.4000000000000057
2019-07-05T16:00:00Z,91.3,101.2,57.6,90,98,1.2999999999999972,3.200000000000003
2019-07-05T17:00:00Z,91.4,100.7,55.9,88,95,3.4000000000000057,5.700000000000003
2019-07-05T18:00:00Z,91.5,100.8,55.9,86,93,5.5,7.799999999999997
2019-07-05T19:00:00Z,91.1,100.5,56.9,84.9,92,6.199999999999989,8.5
2019-07-05T20:00:00Z,91.2,101.8,58.6,84,89,7.200000000000003,12.799999999999997
2019-07-05T21:00:00Z,91.3,103,60.2,82.9,89,8.399999999999991,14
2019-07-05T22:00:00Z,91.2,103.6,61.6,82,87,9.200000000000003,16.599999999999994
2019-07-05T23:00:00Z,91.6,103.7,59.9,81,86,10.599999999999994,17.700000000000003
2019-07-06T00:00:00Z,91.8,103.6,59.2,80.1,84,11.700000000000003,19.599999999999994
2019-07-06T01:00:00Z,91.6,103,59.2,81,85,10.599999999999994,18
2019-07-06T02:00:00Z,91.3,102.7,59.9,80.1,85,11.200000000000003,17.700000000000003
2019-07-06T03:00:00Z,90.6,102.2,62,79,83,11.599999999999994,19.200000000000003
2019-07-06T04:00:00Z,90.1,102,63.5,79,83,11.099999999999994,19
2019-07-06T05:00:00Z,89.9,101.8,64,78.1,81,11.800000000000011,20.799999999999997
2019-07-06T06:00:00Z,89.7,101.3,64.6,79,83,10.700000000000003,18.299999999999997
2019-07-06T07:00:00Z,89.5,101.7,65.5,82,89,7.5,12.700000000000003
2019-07-06T08:00:00Z,89.5,100.6,63.9,84.9,92,4.599999999999994,8.599999999999994
2019-07-06T09:00:00Z,89.2,99.2,62.5,86,94,3.200000000000003,5.200000000000003
2019-07-06T10:00:00Z,89.6,99.1,60.8,90,98,-0.4000000000000057,1.0999999999999943
2019-07-06T11:00:00Z,90,98.9,58.4,90,97,0,1.9000000000000057
2019-07-06T12:00:00Z,90.5,99.2,57,93.9,102,-3.4000000000000057,-2.799999999999997
2019-07-06T13:00:00Z,91.2,100.1,55.8,93,104,-1.7999999999999972,-3.9000000000000057
2019-07-06T14:00:00Z,91.5,103.7,60.5,90,101,1.5,2.700000000000003
2019-07-06T15:00:00Z,91.7,103.4,59.3,93.9,103,-2.200000000000003,0.4000000000000057
2019-07-06T16:00:00Z,92.1,103.9,58.4,93.9,106,-1.8000000000000114,-2.0999999999999943
2019-07-06T17:00:00Z,92.5,105.1,58.6,93.9,98,-1.4000000000000057,7.099999999999994
2019-07-06T18:00:00Z,92.8,100.6,50.5,93,98,-0.20000000000000284,2.5999999999999943
2019-07-06T19:00:00Z,93,102,51.9,91,97,2,5
2019-07-06T20:00:00Z,92.9,102.1,52.5,78.1,80,14.800000000000011,22.099999999999994
2019-07-06T21:00:00Z,91.6,101.3,56.3,75.9,77,15.699999999999989,24.299999999999997
2019-07-06T22:00:00Z,91.9,103.9,59,75.9,77,16,26.900000000000006
2019-07-06T23:00:00Z,91.5,102.9,59,75.9,77,15.599999999999994,25.900000000000006
2019-07-07T00:00:00Z,91.2,102,59.1,75.9,77,15.299999999999997,25
2019-07-07T01:00:00Z,91,101.3,58.8,75.9,77,15.099999999999994,24.299999999999997
2019-07-07T02:00:00Z,91,100.7,57.9,75,76,16,24.700000000000003
2019-07-07T03:00:00Z,90.7,99.6,56.8,75,76,15.700000000000003,23.599999999999994
2019-07-07T04:00:00Z,90.4,98.5,56.5,75,76,15.400000000000006,22.5
2019-07-07T05:00:00Z,90,97.6,56.3,75.9,77,14.099999999999994,20.599999999999994
2019-07-07T06:00:00Z,89.6,96.8,56,75.9,77,13.699999999999989,19.799999999999997
2019-07-07T07:00:00Z,89.5,96.8,56.3,77,78,12.5,18.799999999999997
2019-07-07T08:00:00Z,89.2,96,56.8,79,82,10.200000000000003,14
2019-07-07T09:00:00Z,89.1,96.5,57.8,81,85,8.099999999999994,11.5
2019-07-07T10:00:00Z,89.4,98.9,60.9,82,87,7.400000000000006,11.900000000000006
2019-07-07T11:00:00Z,89.9,100.1,61.5,82.9,88,7,12.099999999999994
2019-07-07T12:00:00Z,89.9,100.7,62.1,84,91,5.900000000000006,9.700000000000003
2019-07-07T13:00:00Z,89.3,98.2,60.4,84.9,92,4.3999999999999915,6.200000000000003
2019-07-07T14:00:00Z,89.4,98.2,60.1,87.1,95,2.3000000000000114,3.200000000000003
2019-07-07T15:00:00Z,89.9,99.1,59.2,87.1,95,2.8000000000000114,4.099999999999994
2019-07-07T16:00:00Z,89.9,98.7,58.5,82,89,7.900000000000006,9.700000000000003
2019-07-07T17:00:00Z,89.6,98.7,59.9,84,90,5.599999999999994,8.700000000000003
2019-07-07T18:00:00Z,89.9,100.4,61.9,82,87,7.900000000000006,13.400000000000006
2019-07-07T19:00:00Z,89.3,98,59.8,79,82,10.299999999999997,16
2019-07-07T20:00:00Z,88.7,97.8,62,79,83,9.700000000000003,14.799999999999997
2019-07-07T21:00:00Z,88.3,97.8,64.1,79,82,9.299999999999997,15.799999999999997
2019-07-07T22:00:00Z,87.6,96.1,63.7,78.1,81,9.5,15.099999999999994
2019-07-07T23:00:00Z,87.1,94.9,63.6,78.1,80,9,14.900000000000006
2019-07-08T00:00:00Z,87.1,94.9,63.4,77,78,10.099999999999994,16.900000000000006
2019-07-08T01:00:00Z,87.1,95.1,64.7,77,79,10.099999999999994,16.099999999999994
2019-07-08T02:00:00Z,86.9,95.9,66.4,75,76,11.900000000000006,19.900000000000006
2019-07-08T03:00:00Z,86.7,96,67.6,75,76,11.700000000000003,20
2019-07-08T04:00:00Z,86.4,94.9,67.2,73.9,75,12.5,19.900000000000006
2019-07-08T05:00:00Z,86.6,94.8,66.5,75,76,11.599999999999994,18.799999999999997
2019-07-08T06:00:00Z,87,95.9,66.6,75,76,12,19.900000000000006
2019-07-08T07:00:00Z,87.1,96.6,67.4,75,76,12.099999999999994,20.599999999999994
2019-07-08T08:00:00Z,86.2,93.5,65.8,73.9,75,12.299999999999997,18.5
2019-07-08T09:00:00Z,85.8,92.5,64.9,73,74,12.799999999999997,18.5
2019-07-08T10:00:00Z,85.5,91.2,63.9,73,74,12.5,17.200000000000003
2019-07-08T11:00:00Z,85.2,90.8,63.4,73,74,12.200000000000003,16.799999999999997
2019-07-08T12:00:00Z,84.4,89,62.8,73.9,75,10.5,14
2019-07-08T13:00:00Z,83.8,88.2,63.4,73,74,10.799999999999997,14.200000000000003
2019-07-08T14:00:00Z,83.6,87.2,61.6,77,78,6.599999999999994,9.200000000000003
2019-07-08T15:00:00Z,83.7,86.2,55.7,80.1,82,3.6000000000000085,4.200000000000003
2019-07-08T16:00:00Z,83.9,85.8,53.1,77,77,6.900000000000006,8.799999999999997
2019-07-08T17:00:00Z,84.3,86.8,54.6,78.1,79,6.200000000000003,7.799999999999997
2019-07-08T18:00:00Z,84.5,87,53.6,77,77,7.5,10
2019-07-08T19:00:00Z,84.6,87,53.2,77,77,7.599999999999994,10
2019-07-08T20:00:00Z,84.7,87,53.9,75,75,9.700000000000003,12
2019-07-08T21:00:00Z,84.7,87.2,55.1,73.9,74,10.799999999999997,13.200000000000003
2019-07-08T22:00:00Z,84.7,87.4,55.4,73.9,74,10.799999999999997,13.400000000000006
2019-07-08T23:00:00Z,84.7,87.6,55.7,73.9,74,10.799999999999997,13.599999999999994
2019-07-09T00:00:00Z,84.8,88,56.1,72,73,12.799999999999997,15
2019-07-09T01:00:00Z,84.9,88,56.1,71.1,72,13.800000000000011,16
2019-07-09T02:00:00Z,84.8,87.9,56.3,70,71,14.799999999999997,16.900000000000006
2019-07-09T03:00:00Z,84.8,87.9,56.2,70,71,14.799999999999997,16.900000000000006
2019-07-09T04:00:00Z,85,88,55.7,69.1,70,15.900000000000006,18
2019-07-09T05:00:00Z,84.9,87.7,55.1,69.1,70,15.800000000000011,17.700000000000003
2019-07-09T06:00:00Z,84.2,86.9,55,72,72,12.200000000000003,14.900000000000006
2019-07-09T07:00:00Z,84.3,87,55.4,73.9,74,10.399999999999991,13
2019-07-09T08:00:00Z,84.5,87,54.9,77,77,7.5,10
2019-07-09T09:00:00Z,84.5,86.9,53.9,80.1,82,4.400000000000006,4.900000000000006
2019-07-09T10:00:00Z,84.6,87,54.6,84.9,88,-0.30000000000001137,-1
2019-07-09T11:00:00Z,85.1,87.7,54.6,86,89,-0.9000000000000057,-1.2999999999999972
2019-07-09T12:00:00Z,85.7,88.7,54.2,84.9,88,0.7999999999999972,0.7000000000000028
2019-07-09T13:00:00Z,86.1,89.1,53.3,84.9,88,1.1999999999999886,1.0999999999999943
2019-07-09T14:00:00Z,86.8,90,51.7,87.1,91,-0.29999999999999716,-1
2019-07-09T15:00:00Z,87.3,90.3,51.3,87.1,91,0.20000000000000284,-0.7000000000000028
2019-07-09T16:00:00Z,87.5,91,52.2,84.9,88,2.5999999999999943,3
2019-07-09T17:00:00Z,87.7,91.4,52.9,84,87,3.700000000000003,4.400000000000006
2019-07-09T18:00:00Z,87.8,92,53.6,84.9,88,2.8999999999999915,4
2019-07-09T19:00:00Z,87.8,92.5,55,82.9,86,4.8999999999999915,6.5
2019-07-09T20:00:00Z,87.6,93,56.4,82,84,5.599999999999994,9
2019-07-09T21:00:00Z,87.4,92,56.1,80.1,83,7.300000000000011,9
2019-07-09T22:00:00Z,86.8,91.3,56.7,78.1,79,8.700000000000003,12.299999999999997
2019-07-09T23:00:00Z,86.8,91.9,57.4,78.1,79,8.700000000000003,12.900000000000006
2019-07-10T00:00:00Z,86.7,91,56.5,75.9,77,10.799999999999997,14
2019-07-10T01:00:00Z,86.1,89.7,56.2,75,76,11.099999999999994,13.700000000000003
2019-07-10T02:00:00Z,86.2,90.1,56.2,73.9,75,12.299999999999997,15.099999999999994
2019-07-10T03:00:00Z,86.3,90.6,56.9,73,74,13.299999999999997,16.599999999999994
2019-07-10T04:00:00Z,86.3,90.8,57,72,73,14.299999999999997,17.799999999999997
2019-07-10T05:00:00Z,86.4,91,56.7,73,74,13.400000000000006,17
2019-07-10T06:00:00Z,86.4,91,56.8,75,76,11.400000000000006,15
2019-07-10T07:00:00Z,86.2,90.4,56.4,79,81,7.200000000000003,9.400000000000006
2019-07-10T08:00:00Z,85.9,89.4,55.2,81,83,4.900000000000006,6.400000000000006
2019-07-10T09:00:00Z,85.3,88.3,54.6,82.9,85,2.3999999999999915,3.299999999999997
2019-07-10T10:00:00Z,85.3,88,53,84,86,1.2999999999999972,2
2019-07-10T11:00:00Z,85.8,88.2,52.7,87.1,89,-1.2999999999999972,-0.7999999999999972
2019-07-10T12:00:00Z,86.5,89.3,51.9,88,91,-1.5,-1.7000000000000028
2019-07-10T13:00:00Z,87.4,91.2,52.9,87.1,89,0.30000000000001137,2.200000000000003
2019-07-10T14:00:00Z,87.9,91,50.9,88,91,-0.09999999999999432,0
2019-07-10T15:00:00Z,88.3,91.8,50.5,89.1,92,-0.7999999999999972,-0.20000000000000284
2019-07-10T16:00:00Z,88.7,92.8,52,89.1,93,-0.3999999999999915,-0.20000000000000284
2019-07-10T17:00:00Z,88.6,93.3,53,86,89,2.5999999999999943,4.299999999999997
2019-07-10T18:00:00Z,88.6,93,52.6,84.9,88,3.6999999999999886,5
2019-07-10T19:00:00Z,88.3,92.5,52.3,82.9,85,5.3999999999999915,7.5
2019-07-10T20:00:00Z,88.1,91.9,51.9,82,84,6.099999999999994,7.900000000000006
2019-07-10T21:00:00Z,87.6,91.1,52.5,81,83,6.599999999999994,8.099999999999994
2019-07-10T22:00:00Z,87.2,90.9,52.9,80.1,82,7.1000000000000085,8.900000000000006
2019-07-10T23:00:00Z,86.9,89.7,51.4,78.1,79,8.800000000000011,10.700000000000003
2019-07-11T00:00:00Z,86.4,88.5,50.2,78.1,78,8.300000000000011,10.5
2019-07-11T01:00:00Z,86,88,51,78.1,79,7.900000000000006,9
2019-07-11T02:00:00Z,86,89.1,53.8,77,78,9,11.099999999999994
2019-07-11T03:00:00Z,85.6,90.4,59.7,77,78,8.599999999999994,12.400000000000006
2019-07-11T04:00:00Z,85,90.4,63.7,77,78,8,12.400000000000006
2019-07-11T05:00:00Z,85.2,91.2,64.9,77,78,8.200000000000003,13.200000000000003
2019-07-11T06:00:00Z,85.3,92.2,66.8,77,78,8.299999999999997,14.200000000000003
2019-07-11T07:00:00Z,85.4,93,68.2,78.1,81,7.300000000000011,12
2019-07-11T08:00:00Z,85.5,93.2,68.7,80.1,84,5.400000000000006,9.200000000000003
2019-07-11T09:00:00Z,85.6,93.6,68.3,84,91,1.5999999999999943,2.5999999999999943
2019-07-11T10:00:00Z,86.1,94.9,68.6,84.9,92,1.1999999999999886,2.9000000000000057
2019-07-11T11:00:00Z,86.8,96.3,68.3,86,96,0.7999999999999972,0.29999999999999716
2019-07-11T12:00:00Z,87.2,96.8,67.8,80.1,85,7.1000000000000085,11.799999999999997
2019-07-11T13:00:00Z,87,97.9,70.8,84.9,94,2.0999999999999943,3.9000000000000057
2019-07-11T14:00:00Z,87.9,100.9,72,86,97,1.9000000000000057,3.9000000000000057
2019-07-11T15:00:00Z,88.8,103.3,71.5,87.1,99,1.7000000000000028,4.299999999999997
2019-07-11T16:00:00Z,89.6,106.3,72.2,79,83,10.599999999999994,23.299999999999997
2019-07-11T17:00:00Z,90.4,106.1,68.5,79,82,11.400000000000006,24.099999999999994
2019-07-11T18:00:00Z,90.2,103.5,65.3,78.1,81,12.100000000000009,22.5
2019-07-11T19:00:00Z,89.4,101.9,66.5,75.9,78,13.5,23.900000000000006
2019-07-11T20:00:00Z,88.2,99.9,68.3,75.9,77,12.299999999999997,22.900000000000006
2019-07-11T21:00:00Z,88,99.9,69.5,75.9,78,12.099999999999994,21.900000000000006
2019-07-11T22:00:00Z,87.7,99.2,69.7,75,76,12.700000000000003,23.200000000000003
2019-07-11T23:00:00Z,87.2,96.1,66,73.9,75,13.299999999999997,21.099999999999994
2019-07-12T00:00:00Z,86.8,94.4,64.6,73.9,75,12.899999999999991,19.400000000000006
2019-07-12T01:00:00Z,86.4,93.6,64.3,73,74,13.400000000000006,19.599999999999994
2019-07-12T02:00:00Z,86,92.5,63.7,73,74,13,18.5
2019-07-12T03:00:00Z,85.4,91.2,63.3,72,73,13.400000000000006,18.200000000000003
2019-07-12T04:00:00Z,85,90.1,62.7,72,73,13,17.099999999999994
2019-07-12T05:00:00Z,84.9,90,62.2,72,73,12.900000000000006,17
2019-07-12T06:00:00Z,84.9,89.7,61.9,73,74,11.900000000000006,15.700000000000003
2019-07-12T07:00:00Z,84.7,89.9,63.4,75.9,77,8.799999999999997,12.900000000000006
2019-07-12T08:00:00Z,84.4,89,63.3,78.1,80,6.300000000000011,9
2019-07-12T09:00:00Z,84.4,89.1,63.5,82,85,2.4000000000000057,4.099999999999994
2019-07-12T10:00:00Z,84.8,89.8,63.6,84.9,89,-0.10000000000000853,0.7999999999999972
2019-07-12T11:00:00Z,85.3,90.8,63,87.1,91,-1.7999999999999972,-0.20000000000000284
2019-07-12T12:00:00Z,85.6,90.5,59.8,89.1,92,-3.5,-1.5
2019-07-12T13:00:00Z,86.1,90.2,57.3,87.1,89,-1,1.2000000000000028
2019-07-12T14:00:00Z,86.5,90.2,55,89.1,91,-2.5999999999999943,-0.7999999999999972
2019-07-12T15:00:00Z,87.1,90.4,52.5,90,91,-2.9000000000000057,-0.5999999999999943
2019-07-12T16:00:00Z,88.1,91.1,49.6,90,91,-1.9000000000000057,0.09999999999999432
2019-07-12T17:00:00Z,88.7,92.4,50.4,89.1,90,-0.3999999999999915,2.4000000000000057
2019-07-12T18:00:00Z,89.1,93,50.1,88,88,1.0999999999999943,5
2019-07-12T19:00:00Z,89.6,93.4,49,87.1,88,2.5,5.400000000000006
2019-07-12T20:00:00Z,89.8,94.1,49.9,86,87,3.799999999999997,7.099999999999994
2019-07-12T21:00:00Z,89.8,95,51.3,84.9,86,4.8999999999999915,9
2019-07-12T22:00:00Z,89.9,95,51.9,82.9,84,7,11
2019-07-12T23:00:00Z,89.9,95.3,52,81,82,8.900000000000006,13.299999999999997
2019-07-13T00:00:00Z,89.5,93.4,49.4,80.1,81,9.400000000000006,12.400000000000006
2019-07-13T01:00:00Z,89.4,93.8,50.4,79,80,10.400000000000006,13.799999999999997
2019-07-13T02:00:00Z,89.2,93.2,50.7,78.1,78,11.100000000000009,15.200000000000003
2019-07-13T03:00:00Z,89,92.4,49,77,77,12,15.400000000000006
2019-07-13T04:00:00Z,88.5,91.5,48.9,75,75,13.5,16.5
2019-07-13T05:00:00Z,88.2,91,48.6,75,75,13.200000000000003,16
2019-07-13T06:00:00Z,88,90.9,49.1,75.9,76,12.099999999999994,14.900000000000006
2019-07-13T07:00:00Z,87.7,90.1,48.7,79,80,8.700000000000003,10.099999999999994
2019-07-13T08:00:00Z,87.4,89.3,47.9,81,82,6.400000000000006,7.299999999999997
2019-07-13T09:00:00Z,87.4,89.7,48.9,82.9,83,4.5,6.700000000000003
2019-07-13T10:00:00Z,87.5,89.7,48.3,84,84,3.5,5.700000000000003
2019-07-13T11:00:00Z,87.6,89.2,46.8,86,87,1.5999999999999943,2.200000000000003
2019-07-13T12:00:00Z,87.6,88.9,45.3,88,89,-0.4000000000000057,-0.09999999999999432
2019-07-13T13:00:00Z,87.8,89,45.4,89.1,90,-1.2999999999999972,-1
2019-07-13T14:00:00Z,88.3,90.4,46.4,90,92,-1.7000000000000028,-1.5999999999999943
2019-07-13T15:00:00Z,88.9,91.3,47,91,92,-2.0999999999999943,-0.7000000000000028
2019-07-13T16:00:00Z,89.7,92.8,47.1,90,91,-0.29999999999999716,1.7999999999999972
2019-07-13T17:00:00Z,90.4,93,45,88,89,2.4000000000000057,4
2019-07-13T18:00:00Z,90.8,93.9,45,88,88,2.799999999999997,5.900000000000006
2019-07-13T19:00:00Z,91.2,94.5,45,87.1,88,4.1000000000000085,6.5
2019-07-13T20:00:00Z,91.2,95,45.7,86,87,5.200000000000003,8
2019-07-13T21:00:00Z,91.2,95,46.3,84.9,86,6.299999999999997,9
2019-07-13T22:00:00Z,90.9,96.1,49.2,84,86,6.900000000000006,10.099999999999994
2019-07-13T23:00:00Z,91,96,49,82,84,9,12
2019-07-14T00:00:00Z,91,96.2,49.5,81,83,10,13.200000000000003
2019-07-14T01:00:00Z,90.8,96.1,50.4,80.1,82,10.700000000000003,14.099999999999994
2019-07-14T02:00:00Z,90.4,95.9,50.8,78.1,79,12.300000000000011,16.900000000000006
2019-07-14T03:00:00Z,90,95.4,51.8,77,78,13,17.400000000000006
2019-07-14T04:00:00Z,89.5,94.2,50.9,75,76,14.5,18.200000000000003
2019-07-14T05:00:00Z,89.1,93.9,51.9,75,76,14.099999999999994,17.900000000000006
2019-07-14T06:00:00Z,88.8,93,51.4,77,78,11.799999999999997,15
2019-07-14T07:00:00Z,88.4,92.3,51.1,82,84,6.400000000000006,8.299999999999997
2019-07-14T08:00:00Z,88.1,91.3,50.1,84.9,87,3.1999999999999886,4.299999999999997
2019-07-14T09:00:00Z,88.1,91,49.4,86,88,2.0999999999999943,3
2019-07-14T10:00:00Z,88.4,91.7,49.5,90,93,-1.5999999999999943,-1.2999999999999972
2019-07-14T11:00:00Z,89,92.5,49.6,91,94,-2,-1.5
2019-07-14T12:00:00Z,89.6,94.4,50.8,91,95,-1.4000000000000057,-0.5999999999999943
2019-07-14T13:00:00Z,90.3,95.8,51.2,91.9,97,-1.6000000000000085,-1.2000000000000028
2019-07-14T14:00:00Z,90.9,96.8,50.9,93.9,97,-3,-0.20000000000000284
2019-07-14T15:00:00Z,91.5,96.1,47.7,91.9,94,-0.4000000000000057,2.0999999999999943
2019-07-14T16:00:00Z,92.1,96.8,46.7,93.9,98,-1.8000000000000114,-1.2000000000000028
2019-07-14T17:00:00Z,92.5,98.1,47.4,91.9,95,0.5999999999999943,3.0999999999999943
2019-07-14T18:00:00Z,92.5,99,49,91,92,1.5,7
2019-07-14T19:00:00Z,92.6,98.2,47.5,89.1,90,3.5,8.200000000000003
2019-07-14T20:00:00Z,92.7,98.7,47.8,87.1,88,5.6000000000000085,10.700000000000003
2019-07-14T21:00:00Z,92.8,99.1,47.9,84.9,85,7.8999999999999915,14.099999999999994
2019-07-14T22:00:00Z,92.8,98.2,46.2,84,85,8.799999999999997,13.200000000000003
2019-07-14T23:00:00Z,92.5,97.2,45.3,82,83,10.5,14.200000000000003
2019-07-15T00:00:00Z,92.2,96.7,45.2,81,82,11.200000000000003,14.700000000000003
2019-07-15T01:00:00Z,92,95.1,43.3,79,79,13,16.099999999999994
2019-07-15T02:00:00Z,91.4,93.6,41.9,78.1,78,13.300000000000011,15.599999999999994
2019-07-15T03:00:00Z,90.8,92.5,41.1,77,77,13.799999999999997,15.5
2019-07-15T04:00:00Z,90.2,91.1,40.8,75.9,76,14.299999999999997,15.099999999999994
2019-07-15T05:00:00Z,89.5,90,40.7,75,75,14.5,15
2019-07-15T06:00:00Z,88.7,89.6,43,75,75,13.700000000000003,14.599999999999994
2019-07-15T07:00:00Z,88.3,89.5,44.2,78.1,78,10.200000000000003,11.5
2019-07-15T08:00:00Z,87.8,88.9,43.9,80.1,81,7.700000000000003,7.900000000000006
2019-07-15T09:00:00Z,87.7,88.3,43.2,82.9,83,4.799999999999997,5.299999999999997
2019-07-15T10:00:00Z,88,88.8,43.7,84,84,4,4.799999999999997
2019-07-15T11:00:00Z,88.8,90.7,45.3,87.1,87,1.7000000000000028,3.700000000000003
2019-07-15T12:00:00Z,89.4,91,44,87.1,88,2.3000000000000114,3
2019-07-15T13:00:00Z,89.8,90.9,41.9,89.1,90,0.7000000000000028,0.9000000000000057
2019-07-15T14:00:00Z,90.4,91.7,41.2,88,89,2.4000000000000057,2.700000000000003
2019-07-15T15:00:00Z,90.9,92.8,42,88,90,2.9000000000000057,2.799999999999997
2019-07-15T16:00:00Z,91.1,92.6,40.3,90,93,1.0999999999999943,-0.4000000000000057
2019-07-15T17:00:00Z,91.4,93.9,42.9,87.1,88,4.300000000000011,5.900000000000006
2019-07-15T18:00:00Z,91.8,94,41.6,84,86,7.799999999999997,8
2019-07-15T19:00:00Z,91.9,94.8,43,82.9,85,9,9.799999999999997
2019-07-15T20:00:00Z,91.9,95.8,44.6,82,84,9.900000000000006,11.799999999999997
2019-07-15T21:00:00Z,91.8,96,45.2,82,84,9.799999999999997,12
2019-07-15T22:00:00Z,91.8,96,45.9,81,83,10.799999999999997,13
2019-07-15T23:00:00Z,91.7,96.5,47.1,81,83,10.700000000000003,13.5
2019-07-16T00:00:00Z,91.5,97.5,49.8,80.1,82,11.400000000000006,15.5
2019-07-16T01:00:00Z,91.2,97,50,80.1,82,11.100000000000009,15
2019-07-16T02:00:00Z,91.1,97,50.2,79,81,12.099999999999994,16
2019-07-16T03:00:00Z,91.1,97,50.6,78.1,79,13,18
2019-07-16T04:00:00Z,90.8,96.8,51.1,78.1,79,12.700000000000003,17.799999999999997
2019-07-16T05:00:00Z,90.4,96,51.7,77,78,13.400000000000006,18
2019-07-16T06:00:00Z,90.2,96,52.5,77,78,13.200000000000003,18
2019-07-16T07:00:00Z,90.1,96.9,53.9,82,86,8.099999999999994,10.900000000000006
2019-07-16T08:00:00Z,89.9,96.9,55,84,89,5.900000000000006,7.900000000000006
2019-07-16T09:00:00Z,89.5,96.4,56,87.1,94,2.4000000000000057,2.4000000000000057
2019-07-16T10:00:00Z,89.9,96.8,55,91,98,-1.0999999999999943,-1.2000000000000028
2019-07-16T11:00:00Z,90.6,96.8,51.8,95,101,-4.400000000000006,-4.200000000000003
2019-07-16T12:00:00Z,91.7,97,48.2,93.9,99,-2.200000000000003,-2
2019-07-16T13:00:00Z,92.8,97.7,45.6,96.1,104,-3.299999999999997,-6.299999999999997
2019-07-16T14:00:00Z,93.6,100,46.7,91,97,2.5999999999999943,3
2019-07-16T15:00:00Z,94.2,101.2,46.9,91.9,97,2.299999999999997,4.200000000000003
2019-07-16T16:00:00Z,94.5,102.2,47.7,89.1,95,5.400000000000006,7.200000000000003
2019-07-16T17:00:00Z,94.3,103.7,50,90,98,4.299999999999997,5.700000000000003
2019-07-16T18:00:00Z,94.3,105.8,53.4,89.1,98,5.200000000000003,7.799999999999997
2019-07-16T19:00:00Z,94.3,107.3,55.1,89.1,96,5.200000000000003,11.299999999999997
2019-07-16T20:00:00Z,94.1,106.6,54.7,87.1,94,7,12.599999999999994
2019-07-16T21:00:00Z,93.7,106,55.8,86,94,7.700000000000003,12
2019-07-16T22:00:00Z,93.1,103.4,54.2,84,87,9.099999999999994,16.400000000000006
2019-07-16T23:00:00Z,93,103.4,54.4,84,90,9,13.400000000000006
2019-07-17T00:00:00Z,92.7,104.5,57.1,82.9,89,9.799999999999997,15.5
2019-07-17T01:00:00Z,92.7,104.2,56.9,82.9,88,9.799999999999997,16.200000000000003
2019-07-17T02:00:00Z,92.6,104,56.5,82.9,88,9.699999999999989,16
2019-07-17T03:00:00Z,92.7,105.2,58,81,86,11.700000000000003,19.200000000000003
2019-07-17T04:00:00Z,92.8,106,59.1,80.1,84,12.700000000000003,22
2019-07-17T05:00:00Z,92.6,106,59.5,79,82,13.599999999999994,24
2019-07-17T06:00:00Z,91.9,103.5,58.7,80.1,84,11.800000000000011,19.5
2019-07-17T07:00:00Z,90.9,100.8,58.5,82.9,89,8,11.799999999999997
2019-07-17T08:00:00Z,90.4,101,60.5,86,94,4.400000000000006,7
2019-07-17T09:00:00Z,90.2,101.1,62,91,103,-0.7999999999999972,-1.9000000000000057
2019-07-17T10:00:00Z,90.7,101.8,60.6,93.9,107,-3.200000000000003,-5.200000000000003
2019-07-17T11:00:00Z,91.7,102.8,58.3,95,101,-3.299999999999997,1.7999999999999972
2019-07-17T12:00:00Z,92.4,100.5,51.7,97,101,-4.599999999999994,-0.5
2019-07-17T13:00:00Z,93.2,99.4,47.2,98.1,110,-4.8999999999999915,-10.599999999999994
2019-07-17T14:00:00Z,93.9,101.5,48,96.1,107,-2.1999999999999886,-5.5
2019-07-17T15:00:00Z,94.8,106.6,52.6,96.1,106,-1.2999999999999972,0.5999999999999943
2019-07-17T16:00:00Z,95.2,109.8,55.4,96.1,105,-0.8999999999999915,4.799999999999997
2019-07-17T17:00:00Z,95.1,109.8,55.6,93,101,2.0999999999999943,8.799999999999997
2019-07-17T18:00:00Z,92.8,104.3,56.1,75.9,77,16.89999999999999,27.299999999999997
2019-07-17T19:00:00Z,91.6,103.4,59.6,75.9,77,15.699999999999989,26.400000000000006
2019-07-17T20:00:00Z,91.6,104.9,62.1,77,79,14.599999999999994,25.900000000000006
2019-07-17T21:00:00Z,92,106.3,62.3,78.1,81,13.900000000000006,25.299999999999997
2019-07-17T22:00:00Z,91.8,104.7,60.8,77,79,14.799999999999997,25.700000000000003
2019-07-17T23:00:00Z,91.6,103.9,60.6,78.1,81,13.5,22.900000000000006
2019-07-18T00:00:00Z,91.7,103.9,59.7,78.1,81,13.600000000000009,22.900000000000006
2019-07-18T01:00:00Z,91.4,103.2,60.3,78.1,81,13.300000000000011,22.200000000000003
2019-07-18T02:00:00Z,91,103.2,61.9,78.1,81,12.900000000000006,22.200000000000003
2019-07-18T03:00:00Z,90.6,103,62.8,78.1,81,12.5,22
2019-07-18T04:00:00Z,90.7,103.2,63.2,78.1,81,12.600000000000009,22.200000000000003
2019-07-18T05:00:00Z,90.8,104,63.9,79,83,11.799999999999997,21
2019-07-18T06:00:00Z,90.9,104.2,63.5,79,83,11.900000000000006,21.200000000000003
2019-07-18T07:00:00Z,90.7,104,63.8,82,89,8.700000000000003,15
2019-07-18T08:00:00Z,90.6,103,62.8,86,96,4.599999999999994,7
2019-07-18T09:00:00Z,90.6,102.4,62.1,86,93,4.599999999999994,9.400000000000006
2019-07-18T10:00:00Z,90.8,101.6,60.1,86,92,4.799999999999997,9.599999999999994
2019-07-18T11:00:00Z,90.9,101.7,59.8,90,99,0.9000000000000057,2.700000000000003
2019-07-18T12:00:00Z,91.3,102,58.3,91.9,102,-0.6000000000000085,0
2019-07-18T13:00:00Z,91.9,102,56.2,93.9,103,-2,-1
2019-07-18T14:00:00Z,92.3,102.2,55,91.9,101,0.3999999999999915,1.2000000000000028
2019-07-18T15:00:00Z,92.6,104.1,56.8,90,99,2.5999999999999943,5.099999999999994
2019-07-18T16:00:00Z,92.8,107.5,60.7,88,97,4.799999999999997,10.5
2019-07-18T17:00:00Z,93.2,111.8,64.8,89.1,98,4.1000000000000085,13.799999999999997
2019-07-18T18:00:00Z,93.4,108.5,60,89.1,98,4.300000000000011,10.5
2019-07-18T19:00:00Z,93.7,108,58.3,89.1,97,4.6000000000000085,11
2019-07-18T20:00:00Z,93.7,108.4,58.6,88,96,5.700000000000003,12.400000000000006
2019-07-18T21:00:00Z,93.9,111.9,62.7,88,96,5.900000000000006,15.900000000000006
2019-07-18T22:00:00Z,94.4,114.6,63.9,86,94,8.400000000000006,20.599999999999994
2019-07-18T23:00:00Z,94.4,114.1,63.2,84.9,92,9.5,22.099999999999994
2019-07-19T00:00:00Z,94,110.5,60.5,84,91,10,19.5
2019-07-19T01:00:00Z,94,110.9,60.6,82.9,89,11.099999999999994,21.900000000000006
2019-07-19T02:00:00Z,93.8,108.5,58.8,82.9,89,10.899999999999991,19.5
2019-07-19T03:00:00Z,93.7,110.5,61.2,82,87,11.700000000000003,23.5
2019-07-19T04:00:00Z,93.7,110.9,61.7,80.1,84,13.600000000000009,26.900000000000006
2019-07-19T05:00:00Z,93.5,109.2,60.6,80.1,84,13.400000000000006,25.200000000000003
2019-07-19T06:00:00Z,93.2,108.2,60.6,82,86,11.200000000000003,22.200000000000003
2019-07-19T07:00:00Z,92.9,106.8,59.6,84.9,89,8,17.799999999999997
2019-07-19T08:00:00Z,92.7,106.4,59.7,88,95,4.700000000000003,11.400000000000006
2019-07-19T09:00:00Z,92.7,105.3,58.4,90,98,2.700000000000003,7.299999999999997
2019-07-19T10:00:00Z,92.7,104.3,56.9,93,104,-0.29999999999999716,0.29999999999999716
2019-07-19T11:00:00Z,92.6,103.6,55.8,93.9,104,-1.3000000000000114,-0.4000000000000057
2019-07-19T12:00:00Z,93,104.8,56.2,95,105,-2,-0.20000000000000284
2019-07-19T13:00:00Z,93.5,105.1,55.5,96.1,105,-2.5999999999999943,0.09999999999999432
2019-07-19T14:00:00Z,94.1,105,52.9,98.1,108,-4,-3
2019-07-19T15:00:00Z,94.6,105.5,51.6,98.1,107,-3.5,-1.5
2019-07-19T16:00:00Z,95.1,105.6,50.2,98.1,106,-3,-0.4000000000000057
2019-07-19T17:00:00Z,95.5,105.9,49.3,97,106,-1.5,-0.09999999999999432
2019-07-19T18:00:00Z,96,108.4,50.9,96.1,105,-0.09999999999999432,3.4000000000000057
2019-07-19T19:00:00Z,96.3,109.6,51.5,95,103,1.2999999999999972,6.599999999999994
2019-07-19T20:00:00Z,96.6,111.2,52.7,93.9,102,2.6999999999999886,9.200000000000003
2019-07-19T21:00:00Z,96.6,111.3,52.7,91.9,100,4.699999999999989,11.299999999999997
2019-07-19T22:00:00Z,96.4,109.2,51,91,98,5.400000000000006,11.200000000000003
2019-07-19T23:00:00Z,96.3,110.7,52.8,89.1,96,7.200000000000003,14.700000000000003
2019-07-20T00:00:00Z,96.1,110.5,53.3,87.1,94,9,16.5
2019-07-20T01:00:00Z,95.9,110.6,54.1,87.1,94,8.800000000000011,16.599999999999994
2019-07-20T02:00:00Z,95.8,111,55,86,92,9.799999999999997,19
2019-07-20T03:00:00Z,95.7,111.8,56.1,84.9,90,10.799999999999997,21.799999999999997
2019-07-20T04:00:00Z,95.5,111.6,56.5,84,89,11.5,22.599999999999994
2019-07-20T05:00:00Z,95.3,111.8,57.4,82.9,88,12.399999999999991,23.799999999999997
2019-07-20T06:00:00Z,94.9,109.2,55.7,84,90,10.900000000000006,19.200000000000003
2019-07-20T07:00:00Z,94.1,106.9,55.3,86,92,8.099999999999994,14.900000000000006
2019-07-20T08:00:00Z,93.6,105.9,55.7,89.1,97,4.5,8.900000000000006
2019-07-20T09:00:00Z,93.3,105.7,56.3,93,103,0.29999999999999716,2.700000000000003
2019-07-20T10:00:00Z,93.3,106,57,93.9,106,-0.6000000000000085,0
2019-07-20T11:00:00Z,93.5,106.7,57.2,95,106,-1.5,0.7000000000000028
2019-07-20T12:00:00Z,94.1,108.1,57.1,96.1,108,-2,0.09999999999999432
2019-07-20T13:00:00Z,94.8,108.4,55.1,96.1,108,-1.2999999999999972,0.4000000000000057
2019-07-20T14:00:00Z,95.5,108.8,53.2,97,108,-1.5,0.7999999999999972
2019-07-20T15:00:00Z,95.9,109.9,53.2,98.1,108,-2.1999999999999886,1.9000000000000057
2019-07-20T16:00:00Z,96,109.2,51.8,99,108,-3,1.2000000000000028
