ID,CSA2010,Percent of Residents - Black/African-American (Non-Hispanic),Percent of Residents - White/Caucasian (Non-Hispanic),Percent of Residents - Asian (Non-Hispanic),Percent of Residents - Two or More Races (Non-Hispanic),"Percent of Residents - All Other Races (Hawaiian/ Pacific Islander, Alaskan/ Native American Other Race) (Non-Hispanic)",Percent of Residents - Hispanic,Racial Diversity Index,Percent of Population  Under 5 years old,Percent of Population 5-17 years old,Percent of Population 18-24 years old,Percent of Population 25-64 Years old,Percent of Population 65 Years and over,Percent of Female-Headed Households with Children Under 18,Percent of Households with Children Under 18,Median Household Income,"Percent of Households Earning Less than $25,000","Percent of Households Earning $25,000 to $40,000","Percent of Households Earning $40,000 to $60,000","Percent of Households Earning $60,000 to $75,000","Percent of Households Earning More than $75,000",Percent of Family Households Living Below the Poverty Line,Percent of Children Living Below the Poverty Line,Median Price of Homes Sold,Median Number of Days on the Market,Number of Homes Sold,Percentage of Housing Units that are Owner-Occupied,Percentage of Properties Under Mortgage Foreclosure,Percentage of Residential Properties that are Vacant and Abandoned,Percentage of Residential Properties with Housing Violations (Excluding Vacants),"Percentage of Properties with Rehabilitation Permits Exceeding $5,000",Total Number of Residential Properties,Percentage of Residential Sales for Cash,Percentage of Residential Sales in Foreclosure (REO),Percentage of Residential Tax Lien Sales,"Number of Demolition Permits per 1,000 Residential Properties","Number of New Construction Permits per 1,000 Residential Properties",Percentage of Vacant Properties Owned by Baltimore City,Affordability Index - Mortgage,Affordability Index - Rent,"Number of Historic Tax Credits per 1,000 Residential Units","Number of Homestead Tax Credits per 1,000 Residential Units","Number of Homeowner's Tax Credits per 1,000 Residential Units",Percent Residential Properties that do Not Receive Mail,"Part 1 Crime Rate per 1,000 Residents","Violent Crime Rate per 1,000 Residents","Property Crime Rate per 1,000 Residents","Number of Shootings per 1,000 Residents","Number of Gun-Related Homicides per 1,000 Residents","Number of Common Assault Calls for Service per 1,000 Residents","Number of Narcotics Calls for Service per 1,000 Residents","Number of Automobile Accident Calls for Service per 1,000 Residents",Percentage of Population aged 16-19 in School and/or Employed,"Teen Pregnancy Rate per 1,000 Females (aged 15-19)",Percent of Births Delivered at Term (37-42 Weeks),Percent of Babies Born with a Satisfactory Birth Weight,Percent of Births Where the Mother Received Early Prenatal Care (First Trimester),Percent of Families Receiving TANF,"Liquor Outlet density (per 1,000 Residents)",Life Expectancy,Infant Mortality Rate,Mortality by Age (1-14 Years old),Mortality by Age (15-24 Years old),Mortality by Age (25-44 Years old),Mortality by Age (45-64 Years old),Mortality by Age (65-84 Years old),Mortality by Age (85 and over),"Number of Persons with Library Cards per 1,000 Residents","Number of Event Permits Requested per 1,000 Residents","Number of Businesses that are Arts-Related per 1,000 Residents",Total Employment in Arts-Related Businesses,Percent Population 16-64 Employed,Percent Population 16-64 Unemployed and Looking for Work,Percent Population 16-64 Not in Labor Force,Unemployment Rate,Percent Population (25 Years and over) With Less Than a High School Diploma or GED,Percent Population (25 Years and over) With High School Diploma and Some College or Associates Degree,Percent Population (25 Years and over) with a Bachelor's Degree or Above,Total Number of Commercial Properties,"Percent of Commercial Properties with Rehab Permits Above $5,000",Total Number of Businesses,Total Number of Employees,Number of Businesses with Under 50 Employees,Total Dollar Amount Invested in Small Businesses per 50 Businesses,"Number of Banks and Bank Branches per 1,000 Residents",Percent of Businesses that are 1 Year old or less,Percent of Businesses that are 2 Years old or less,Percent of Businesses that are 4 Years old or less,Percent of Households with No Internet at Home,Number of Businesses by Selected Neighborhood Industry (NAICS Sectors),"Neighborhood Businesses per 1,000 Residents (NAICS Sectors)",Total number of Employees by Selected Neighborhood Industry (NAICS Sectors),"Rate of Dirty Streets and Alleys Reports per 1,000 Residents","Rate of Clogged Storm Drain Reports per 1,000 Residents",Percent of Population that Drove Alone to Work,Percent of Population that Carpool to Work,Percent of Population that Uses Public Transportation to Get to Work,Percent of Population that Walks to Work,Percent of Employed Population with Travel Time to Work of 0-14 Minutes,Percent of Employed Population with Travel Time to Work of 15-29 Minutes,Percent of Employed Population with Travel Time to Work of 30-44 Minutes,Percent of Employed Population with Travel Time to Work of 45 Minutes and Over,Percent of Area Covered by Trees,Percent of Residences Heated by Utility Gas,Percent of Residences Heated by Electricity,Percent of Households with No Vehicles Available,Walk Score,"Number of daily bus stop loadings per 1,000 residents","Percent of Population Using Other Means to Commute to Work (Taxi, Motorcycle, Bicycle, Other)",Number of Trees of Planted,"Rate of Housing Vouchers per 1,000 Rental Units","Rate of Businesses in the Creative Economy per 1,000 Residents",Number of Employees in the Creative Economy,"Rate of Street Light Outages per 1,000 Residents"
1,Allendale/Irvington/S. Hilton,90.28458687,6.534736339,0.1135956,1.00442425,0,2.062656941,20.11527386,6.612459644,17.37414803,9.003945952,53.28829367,13.7211527,71.12970711,35.1988218,39495.62847,32.98969072,17.7221404,19.91490754,11.94567174,17.42758959,20.69506141,32.77052955,55000.00,33,161,55.52821234,1.458956,5.6952,4.148356477,2.460889436,5689,64.19753086,1.234567901,6.48409894,0.703111267,0,1.234567901,43.4559851,45.89675711,,122.1655827,66.97135,10.25019147,61.10871308,19.36239748,39.77307763,5.42640439,0.98661898,85.83585127,91.44724672,83.06098539,89.01200369,29.05,86.8852459,87.43169399,59.56,9.581138701,0.7,69.6,10.4,4.5,18.2,45.5,140.5,453.8,1257.7,229.8822224,0.616636863,0.061663686,10,60.2484472,10.89696748,28.85458531,15.31647195,19.61991435,70.458601,9.921484654,278,10.07194245,182,2112,169,339011.00,0,3.846153846,20.32967033,29.12087912,30.63328424,113,6.967996547,972,60.30708516,3.94647592,60.54062217,16.17336152,19.87315011,1.615826034,15.05587436,40.04832377,24.64512232,20.25067955,32.37291283,65.12845688,23.6622484,29.65144821,56.396,440.279,1.797040169,3,226.6710788,0.061663686,1,33.36005426
2,Beechfield/Ten Hills/West Hills,75.31924427,18.85594802,0.418191323,3.308192069,0.313643492,1.784780823,41.0176119,7.930699724,14.57695467,9.708012844,55.36554402,12.41878874,55.18731988,26.14428329,57572.50275,20.41815785,13.90092296,18.17668111,10.86833679,36.6359013,10.47490738,23.91675196,139950.00,28,174,77.2172949,1.635255,0.9701,2.743902439,3.852549889,3608,25.92592593,0.462962963,2.798559158,0,0,5.714285714,33.64806867,42.9154757,0.831485588,283.8137472,65.4102,3.138297872,44.43900848,11.00782779,32.61578604,0.32615786,0.081539465,48.02674494,38.56816699,52.59295499,72.54196643,16.04,87.68115942,88.4057971,60.87,3.858418367,0.1,73.4,8.9,1.8,11.7,26.4,96.1,386.1,1841.3,178.0821918,0.489236791,0.081539465,4,68.40293203,5.752998667,25.8440693,7.757975139,9.782967941,65.58334251,24.63368955,45,6.666666667,127,1595,118,331890.00,0.081539465,3.937007874,18.8976378,25.19685039,27.48163496,74,6.033920417,685,18.26484018,3.913894325,73.02015553,14.77543247,10.47452785,1.444215204,11.83939057,43.4375496,25.64672274,19.07633709,48.69697385,68.73234131,21.20926728,18.51572801,39.359,238.177,0.285668941,69,111.0657411,0.244618395,8,28.78343118
3,Belair-Edison,85.65017261,10.0287687,0.569620253,1.69735328,0.81127733,1.242807825,27.25599788,5.420023015,22.80782509,8.406214039,54.45339471,8.912543153,77.52905725,38.27018122,39624.48208,34.10214168,16.276771,20.06589786,8.105436573,21.44975288,20.2745771,34.55562461,59075.00,28.5,208,58.0711789,2.287893,3.7496,5.322529393,3.050524309,6294,53.62318841,2.898550725,4.511517077,0,0,1.271186441,40.08248969,68.14159292,0.158881474,256.4346997,64.347,9.366815591,61.89710611,19.2926045,41.51355076,3.502526412,0.516766192,66.49058337,48.63344051,69.76343592,92.78242678,21.62,79.67914439,82.35294118,63.64,6.32183908,0.4,70.5,6.6,2.8,20,35.4,118.8,474.1,1858.3,337.7928342,0.574184658,0.114836932,12,54.62250961,9.594547361,35.78294303,14.94080827,16.88005085,66.46690275,16.6530464,164,15.85365854,151,1302,141,500662.00,0.114836932,5.960264901,17.8807947,22.51655629,26.68863262,115,6.603123565,717,76.42397795,2.928341755,58.49056604,9.288824383,29.22109337,1.064344461,8.869537171,34.91372359,23.20593453,33.01080471,20.82712492,76.3261944,13.82207578,34.64579901,67.667,356.282,1.935171746,182,373.6052328,0.40192926,28,27.73311897
4,Brooklyn/Curtis Bay/Hawkins Point,37.96124031,39.68217054,2.527131783,3.612403101,1.310077519,14.90697674,73.92673428,10.90697674,16.09302326,8.248062016,57.4496124,7.302325581,43.39360223,32.32187008,40275.27533,31.40031468,18.31872331,18.52101596,9.08069229,22.67925376,24.21360644,46.40995947,52000.00,32,155,40.32902468,1.621622,7.0505,4.582843713,1.128084606,4255,69.30693069,2.97029703,7.02867889,0,0.235017626,0.666666667,23.49726776,51.49359886,,113.0434783,49.3537,14.61313114,98.50452854,29.90942919,67.4717405,6.038053781,0.842519132,140.4900653,127.3608088,78.14364951,70.93663912,68.56,86.81318681,89.74358974,61.17,9.408519767,1.2,69.2,11,2.5,14.4,34.2,158.4,516.4,1328,272.3443095,0.210629783,0.140419855,25,59.38285714,8.754285714,31.86285714,12.84803757,27.5709326,64.00095774,8.428109661,757,4.095112285,343,5380,312,2160522.00,0.140419855,2.623906706,18.36734694,27.696793,34.14250393,177,12.4271572,1590,82.28603525,7.372042407,58.35440576,16.30033067,21.31880957,3.404007003,12.56564871,33.82610387,29.06049407,24.54775336,14.6318578,61.3845808,32.07462351,33.13104068,19.737,384.68,0.622446995,459,66.50071124,0.351049638,47,22.18633715
5,Canton,3.939466731,85.57530627,4.383857795,2.450156137,0.564496757,3.08671631,26.30542355,5.248618785,3.122748018,5.84914725,75.24621667,10.53326928,10.55045872,11.02959777,111891.2518,7.412092082,7.816847964,9.182899064,6.425499621,69.16266127,3.661784288,4.017216643,306500.00,25,327,66.88954928,0.47053,0.421,0.792471521,8.023774146,4038,14.43850267,0,1.040376517,0,0.24764735,0,20.20148462,28.25229961,72.0653789,249.3808816,53.24418,4.879506074,43.95061728,10.37037037,33.45679012,0.37037037,0.12345679,31.60493827,5.185185185,56.66666667,100,0,95.12195122,96.74796748,82.93,0.291120815,4.1,79.8,4.8,0,0,4.7,66.8,356.9,1092.1,269.2592593,7.777777778,0.617283951,9,87.28988499,2.138012386,10.02654084,2.390766694,4.1725007,25.65107813,70.17642117,204,25.98039216,316,2674,289,2454866.00,0.49382716,4.430379747,24.36708861,32.59493671,9.258790792,219,27.03703704,1719,42.59259259,7.777777778,81.79790702,6.759306914,3.190941843,4.494767542,17.77320295,39.64659461,28.61554297,13.96465946,12.51661885,62.10473058,33.3164685,4.502909183,87.762,62.4691,3.757076686,8,10.51248357,2.098765432,814,34.69135802
6,Cedonia/Frankford,80.56640625,11.71450408,3.549592391,0.777004076,0.067934783,3.324558424,35.91718793,6.237262228,15.48913043,8.958899457,59.31131114,10.00339674,43.71544416,29.55337691,41625.59169,26.22004357,22.33115468,17.45098039,8.867102397,25.13071895,12.18214075,19.96381182,112750.00,26,319,71.34456453,2.240941,1.335,2.701843611,4.10044501,6292,35.3221957,0.954653938,3.402225755,0.317863954,0.794659886,2.380952381,39.44877506,54.77651183,,299.4278449,75.49269,4.836178144,59.26051704,15.62168358,42.78982893,1.61310863,0.424502271,55.10039479,34.2997835,57.90210978,90.25578563,27.3,86.82432432,85.81081081,63.85,6.46914446,0.7,72.2,11.9,4.1,9.6,32.1,108,451.4,1312,233.0941971,0.212251136,0.127350681,12,68.20447362,6.254558716,24.86627766,8.4,13.53139357,68.51454824,17.95405819,234,13.67521368,300,2412,285,440167.00,0.169800908,5.333333333,18.66666667,31,21.2745098,218,9.25414951,1513,19.06015197,2.844165216,70.9925011,8.142920159,16.81517424,0.961623291,9.051610057,37.01808558,34.77723864,19.15306573,29.91360367,73.22440087,20.708061,22.7124183,62.202,307.934,3.087781209,,145.9246275,0.29715159,18,28.27185125
7,Cherry Hill,87.46901339,4.362915221,0.929598413,1.425384234,0,5.813088746,30.2771398,8.316807139,27.19385226,9.134853743,45.57511155,9.77937531,75.6201882,38.95368211,24250.97445,50.68310563,17.89403532,14.02865711,3.765411529,13.6287904,39.33701657,56.78796361,45000.00,36.5,11,46.09137056,0.913706,5.5838,4.873096447,0.913705584,985,77.77777778,0,7.817258883,0,0,3.636363636,26.92307692,48.92787524,,277.1573604,71.06599,4.429044893,66.93489393,26.70080468,38.77103146,6.461838576,0.243842965,101.1948305,46.69592782,46.57400634,80.42226488,25.94,89.88095238,86.30952381,55.95,17.00680272,0.1,70,17.3,2.5,16.1,33.8,135.4,487.1,1250,411.1192392,1.219214826,0.365764448,21,50.97201453,6.494338816,42.53364666,11.30111524,17.98029557,71.58531124,10.43439319,93,9.677419355,136,2557,125,447059.00,0,8.823529412,27.20588235,34.55882353,38.58713762,93,11.33869788,1958,13.53328456,4.511094855,53.61842105,13.56907895,26.19243421,6.167763158,18.87335526,29.81085526,27.50822368,23.80756579,20.8275502,62.71242919,32.78907031,52.08263912,46.673,541.819,0.452302632,226,80.31189084,0.609607413,31,4.633016337
8,Chinquapin Park/Belvedere,68.82840237,20.79289941,1.822485207,2.615384615,0,5.940828402,51.03166503,5.940828402,14.94674556,7.479289941,58.74556213,12.88757396,42.23013049,25.33814247,54249.575,23.71505861,14.30718365,17.85392245,8.025247971,36.09858732,10.12591815,23.1621937,145000.00,40.5,128,67.10037175,1.189591,1.5985,2.342007435,2.899628253,2690,33.33333333,1.587301587,2.936802974,0,0,0,37.54410727,42.03921569,,346.8401487,62.82528,10.03056405,42.41877256,10.57246003,31.45951521,1.547189273,0,41.64517793,28.88086643,54.92521919,80.76923077,21.1,88.0952381,88.0952381,65.48,4.305705059,0.6,75.3,16.7,0,9,17.4,86.8,378.6,1576.5,248.7106756,0.515729758,0.257864879,4,73.34843995,9.987798501,16.66376155,11.98494039,7.434330084,58.41731373,34.14835619,56,14.28571429,127,1038,119,1154393.00,0.257864879,5.511811024,22.83464567,32.28346457,17.19266607,88,11.34605467,704,23.59463641,2.19185147,67.63020184,12.6339397,15.77373536,2.143035136,11.81161226,42.58659357,28.23324196,17.36855221,39.54942254,71.59603246,19.35677788,16.35106703,74.529,420.32,1.819087964,24,170.9803922,0.644662197,82,30.81485302
9,Claremont/Armistead,55.71413242,24.14422148,0.193153772,4.088421504,0.611653611,15.24841721,67.28244699,10.74149587,20.43137676,9.099688808,51.2608649,8.466573667,55.77072037,36.75968109,34792.61927,36.04783599,20.30182232,22.66514806,5.267653759,15.71753986,24,34.61538462,88820.00,41,28,83.80158033,0.351185,0.2195,0.965759438,2.019315189,2278,43.24324324,5.405405405,1,0.438981563,0,0,46.78899083,51.27860027,,98.77085162,8.34065,3.115199665,62.93281497,15.7939497,45.80245414,0.850443446,0,67.1850322,13.24261937,106.7913984,68.37606838,33.83,87.96992481,86.46616541,57.89,7.255676209,0.7,70.5,12.7,1.1,8.4,23.6,145,537.1,1585.4,234.4794071,0.850443446,0.121491921,2,65.26737502,10.08535098,24.26406549,13.38418863,20.01437298,66.67265541,13.31297161,227,12.7753304,158,2575,142,2111709.00,0,3.797468354,11.39240506,17.08860759,30.32460137,77,9.354877901,882,21.26108614,1.700886891,65.26867628,13.81389253,17.56225426,1.887287025,18.19134993,36.64482307,21.67758847,23.48623853,29.38140435,72.12414579,23.86104784,26.22437358,38.127,261.694,1.467889908,3,219.3808883,0.364475762,94,24.29838416
10,Clifton-Berea,93.66406336,2.36497635,0.41799582,1.45198548,0.06599934,2.03497965,14.57810254,5.433945661,18.4798152,8.788912111,52.13947861,15.15784842,63.77491208,26.57320872,32288.6988,39.59501558,19.81308411,17.38317757,6.728971963,16.47975078,27.64952781,47.9245283,42786.00,25,67,29.58656331,0.990525,26.5719,9.151593454,1.830318691,4644,87.35632184,3.448275862,10.7227616,12.48923342,0,13.20907618,48.75621891,58.17610063,0.645994832,79.67269595,29.71576,14.25084491,67.75369658,25.11646749,41.52319222,7.798258051,1.012760786,98.33907231,209.8440348,99.14928094,79.39508507,25.71,77.69230769,78.46153846,55.38,16.9646751,1.3,67.6,20.6,2.1,18.6,48.7,190.3,394.3,1526.6,299.0682601,0.911484707,0,0,54.96001361,12.02994725,32.95899268,17.95783592,21.91892775,67.70186335,10.37920889,148,16.21621622,106,966,99,365094.00,0,2.830188679,24.52830189,31.13207547,34.89096573,78,7.89953413,505,167.2068058,5.165080008,46.23392529,9.797917942,33.95590937,7.103490508,13.77832211,38.94672382,22.41273729,24.86221678,8.625831316,61.86915888,23.64485981,44.79750779,72.219,482.783,2.908756889,257,235.8490566,0.101276079,28,38.7887381
11,Cross-Country/Cheswolde,19.93347772,73.40655941,3.372524752,0.123762376,0.502784653,2.660891089,41.639259,9.815903465,16.61509901,9.568378713,44.84065594,19.15996287,18.4,27.65486726,56167.0479,18.7851971,18.04102977,15.74818986,11.5848753,35.84070796,9.894121942,13.02545885,172500.00,37,170,82.40328655,0.479288,0.0685,0.855871277,4.655939747,2921,47.82608696,0,1.061280383,0,0.342348511,0,39.22413793,44.48246364,0.342348511,529.9554947,56.14516,1.265164645,20.02455117,2.838729477,17.1858217,0,0,12.50575418,1.841338039,17.95304588,98.3713355,0,93.31103679,94.98327759,62.54,1.332445037,0,85,4.1,0.7,3.3,14.2,48.2,185,891.6,116.0810189,0.076722418,0.537056928,16,68.32196453,4.229195089,27.44884038,5.82925912,7.070340827,39.85980179,53.06985738,27,22.22222222,176,898,160,1723295.00,0,6.818181818,24.43181818,31.81818182,15.98954143,103,7.902409084,462,3.14561915,1.227558693,76.59022931,12.00398804,8.295114656,2.771684945,18.78364905,41.81455633,20.99700897,18.40478564,47.52835617,61.42397426,34.79485117,12.40949316,43.987,75.8785,0.338983051,,38.49443969,0.920669019,19,21.94261163
12,Dickeyville/Franklintown,80.59501474,9.541677834,1.661752881,5.601715358,0.804073975,1.79576521,36.35379904,14.84856607,9.112838381,10.02412222,54.43580809,11.57866524,68.8372093,24.71264368,41463.12195,38.10344828,9.827586207,19.25287356,8.735632184,24.08045977,17.40890688,34.45190157,230000.00,30,25,63.66459627,0.621118,1.5528,2.795031056,4.347826087,322,13.04347826,0,3.405572755,0,0,0,21.3836478,52.62807718,6.211180124,226.7080745,65.21739,1.609935603,32.91880029,9.02218971,21.94586686,1.219214826,0,56.32772495,17.55669349,90.70958303,85.05747126,14.08,93.33333333,95,65,3.657262278,0,74.4,9.3,0,3.1,19.9,115.1,397.4,1348.8,152.6456962,0.975371861,0.731528895,35,69.9089404,2.524834437,27.56622517,3.485714286,8.44498579,65.8952497,25.65976451,30,6.666666667,36,817,33,491667.00,0,5.555555556,27.77777778,36.11111111,30.68965517,23,5.608388198,710,8.778346745,0.975371861,69.60093897,13.67370892,13.38028169,2.05399061,5.164319249,37.73474178,29.04929577,28.05164319,72.91631353,64.88505747,28.96551724,29.59770115,26.096,171.909,1.291079812,,69.19494345,0.731528895,3,13.16752012
13,Dorchester/Ashburton,95.95103578,1.070022256,0.171203561,1.472350625,0.3509673,0.984420476,9.687104824,6.360212292,17.83085088,6.728299949,51.35250813,17.72812875,64.61038961,28.97460019,43640.57609,27.53998119,19.30856068,18.67356538,7.737535278,26.74035748,17.44510978,43.49276974,103000.00,41,185,64.54066706,2.106495,3.4523,6.465769456,6.875365711,3418,35.98130841,0.934579439,5.763604447,1.755412522,0,0.847457627,39.61267606,57.33173077,0.585137507,416.6179052,92.15916,7.057129141,57.18649245,15.95112846,39.62328186,3.309010691,0.763617852,68.21652808,112.7609028,62.44697098,98.18181818,16.43,88.98305085,90.6779661,57.63,5.296167247,0.2,71.7,10,1.1,24.5,38.5,135.5,359.7,1584.8,227.3035805,0.509078568,0,0,56.30264097,10.37830121,33.31905782,15.56411903,15.92317224,64.74597274,19.33085502,116,23.27586207,138,1141,128,353986.00,0,5.072463768,18.84057971,34.05797101,32.40827846,94,7.975564229,661,28.5083998,1.442389275,66.85625646,3.80041365,25.38779731,2.094105481,9.901758014,39.42605998,30.94622544,19.72595657,29.55301918,73.54186265,15.12229539,28.7158984,62.589,339.895,1.861427094,,163.4615385,0,21,26.72662481
14,Downtown/Seton Hill,29.02188887,43.9614266,16.25593143,1.607224858,4.194091535,4.959436706,69.32252099,1.729680086,3.535894689,18.47543242,71.26894229,4.990050513,73.2718894,6.149050723,53762.87456,28.87503542,8.841031454,17.28534996,14.9334089,30.06517427,6.818181818,13.37209302,207000.00,44,45,39.74175036,1.147776,11.9082,8.895265423,6.025824964,697,24.48979592,0,9.742120344,7.173601148,2.869440459,33.73493976,50.23041475,48.29545455,27.25968436,137.733142,10.04304,1.98101527,270.8656531,80.98045299,185.3862861,11.01458269,0.775674837,381.01148,164.2879305,513.4967422,94.23076923,54.35,92.85714286,91.42857143,70,6.864064603,5.3,65.7,13,20.7,2.9,18.4,165,776.3,1615.4,345.4855724,29.01023891,6.515668632,657,65.175394,2.626673445,32.19793255,3.874031492,6.623845845,25.17061421,68.20553994,1181,25.14817951,2619,91319,2375,858519.00,3.257834316,7.178312333,28.86597938,36.76975945,11.27798243,1954,303.1337263,60141,60.65777226,10.39404282,38.4802596,4.218496485,15.60302866,38.88588426,31.17901568,38.07463494,19.28069227,11.46565711,7.357697764,30.34854066,64.63587419,38.962879,95.702,10379.6,2.81233099,23,104.1666667,15.20322681,2144,46.69562519
15,Edmondson Village,95.75980392,1.348039216,0,0.796568627,0.784313725,1.31127451,8.375595842,7.450980392,16.11519608,9.105392157,51.67892157,15.6495098,62.21294363,33.72052094,41642.11337,24.63921155,23.37205209,25.0967969,10.06687786,16.8250616,8.887733888,25.28059861,73500.00,27,119,61.57652881,1.94415,3.853,5.019441499,3.534817957,2829,41.61073826,2.684563758,5.054789678,0,0,4.587155963,43.34203655,64.45147679,,399.7879109,101.80276,7.548928239,51.51898734,14.17721519,36.32911392,3.164556962,0.632911392,58.2278481,54.30379747,84.55696203,85.48387097,24.69,79.7752809,82.02247191,56.18,8.666017527,0.1,70.7,4.2,2.9,17.5,43.2,131.6,402.7,1794.1,321.6455696,0.506329114,0.126582278,7,66.93485086,9.203296703,23.86185243,12.08762887,14.21550783,72.98871496,12.79577721,33,24.24242424,47,379,44,232979.00,0,4.255319149,29.78723404,42.55319149,29.70784935,31,3.924050633,160,43.03797468,1.772151899,51.69516952,15.81158116,30.1230123,1.200120012,8.370837084,33.15331533,31.02310231,27.45274527,54.94391826,60.11967617,25.87117212,25.94156987,54.316,195.696,1.170117012,,224.6835443,0.126582278,9,43.92405063
16,Fells Point,5.578467549,73.38832212,5.469937052,4.167571087,0.35815064,11.03755155,46.18081767,5.469937052,4.200130237,4.916431517,77.95745605,7.456045149,20.03816794,11.69120928,91207.16696,12.67291388,7.407407407,10.26327532,11.51271754,58.14368585,3.263546798,7.336343115,280000.00,35,292,50.52757794,0.623501,0.9832,1.966426859,5.467625899,4170,21.26984127,0,1.611721612,0.239808153,0.239808153,4.87804878,22.88188002,35.56572379,52.27817746,212.2302158,31.65468,5.395894428,65.27270716,19.13928532,45.35899989,0.663790242,0.110631707,62.28565107,11.0631707,69.25544861,85.71428571,0,92.68292683,95.93495935,79.67,0.773195876,4.3,78.4,7.3,0,7.1,6.8,61.3,332.8,1333.3,237.7475384,3.872109747,1.770107313,151,84.59940267,2.0516816,13.27100377,2.367750637,6.480304956,20.15247776,73.36721728,487,14.98973306,394,4108,361,1714340.00,0.442526828,4.060913706,22.84263959,33.75634518,10.17402945,269,29.7599292,3132,72.35313641,7.965482907,62.18253318,8.504014419,8.58594134,17.63067344,24.13567098,37.48975913,19.99016877,18.38440111,8.650779607,53.10129407,42.36947791,13.45381526,94.564,146.366,3.096837621,4,12.06322795,3.097687797,1590,44.80584135
17,Forest Park/Walbrook,95.0571091,2.116975187,0.059078377,1.69358015,0.049231981,1.024025207,10.83383024,6.675856636,15.93146908,7.680189051,54.64749902,15.06498622,70.96134787,25.45408678,42499.5,29.64177598,18.18869828,18.34006054,9.384460141,24.44500505,19.26267281,47.65041722,85000.00,40,125,53.6246965,1.942421,6.3822,6.555671176,5.341657995,2883,46.85714286,1.714285714,6.247830614,0,0,2.173913043,33.74667848,54.24710425,,316.6840097,63.82241,11.30757477,52.08650624,14.92537313,36.75500051,2.842928216,0.304599452,65.99654787,48.02518022,72.49466951,90.10416667,13.3,86.29032258,91.12903226,60.48,6.448911223,0.4,72.8,4.8,3.6,24.4,30.5,123.5,353.9,1396.2,319.7278912,0.203066301,0.304599452,6,59.39403167,8.191230207,32.41473812,12.11984681,13.72881356,66.5819209,19.68926554,49,18.36734694,117,589,113,173077.00,0,5.128205128,23.07692308,29.05982906,31.23107972,87,8.8333841,431,53.91410295,2.233729313,61.3624545,10.1924077,23.40093604,3.692147686,9.776391056,41.08164327,24.90899636,24.23296932,53.11196461,71.03935419,20.93844601,27.37134208,49.015,267.337,1.352054082,,157.3359073,0.304599452,7,44.67458625
18,Glen-Fallstaff,63.06396883,28.50320473,1.577227598,1.570943823,0.785471912,4.499183109,54.15804261,7.113233631,18.39889406,6.428302124,50.35189142,17.70767877,42.77743335,25.19918763,40869.826,33.99468833,15.32573035,16.09123574,9.029839088,25.55850648,17.76393832,27.40064182,107500.00,24,140,72.79869954,1.706855,1.2734,3.630452452,3.251151449,3691,47.5862069,2.068965517,3.655564582,0.812787862,5.147656462,2.127659574,37.46701847,54.14859002,,403.6846383,107.288,4.091183575,67.72160386,17.36623307,49.21550221,1.408072952,0.134102186,69.66608556,77.84631889,104.4656028,87.64204545,20.95,86.63366337,87.62376238,54.46,4.513198978,0.5,77.1,4.8,0.8,10.1,22.5,91.3,302,1198.3,215.5022127,0.603459836,0.335255465,25,62.19293622,6.578808645,31.22825514,9.566150544,11.75330071,59.60668452,28.64001477,336,21.42857143,604,7879,556,1015894.00,0.335255465,5.298013245,18.37748344,26.98675497,30.82330886,390,26.14992624,3504,18.50610165,2.547941531,63.68919143,10.9912004,20.12286236,4.051137307,15.52382534,33.80375228,29.02208202,21.65034036,27.937018,65.50538978,28.38618966,26.37087955,68.056,373.676,1.145608501,8,196.5835141,1.072817487,208,23.53493362
19,Greater Charles Village/Barclay,33.44336451,44.56262608,12.07897793,3.728834281,0.996393423,5.189803778,67.07497591,3.948896632,6.308454062,29.57393484,52.1853414,7.983373067,41.87192118,12.67957527,39097.21961,35.77451593,14.94378513,17.19237976,6.136789507,25.95252967,18.99141631,40.36923077,185000.00,27,231,43.70508384,0.718659,4.5515,5.616183125,5.69603407,3757,41.17647059,0.452488688,5.115907274,2.129358531,0,15.20467836,34.47154472,49.78270317,19.16422678,244.0777216,25.01996,7.10467706,67.17100848,23.48849979,43.13342688,3.660545421,0.549081813,69.18430846,45.45177231,87.36501739,98.61989649,8.72,94.16666667,90,60.83,5.976757056,1.2,74,6.3,1.9,2.4,15.9,138.2,421.2,970.1,246.9647978,2.623390885,1.70825453,338,52.18840258,4.687847145,42.98304081,8.2421875,11.23641166,35.64970029,53.11388804,604,24.83443709,781,9046,715,498720.00,0.244036361,6.017925736,25.48015365,34.95518566,20.9868832,573,34.95820877,6572,71.62467208,3.111463608,48.54412423,6.196804539,22.50261311,17.69449007,23.95102285,38.36045991,22.75645812,14.93205913,23.27091171,63.75702686,24.75015615,38.58525921,87.102,625.953,5.061968045,14,69.96957844,3.111463608,676,24.0375816
20,Greater Govans,90.01398601,6.685314685,0.093240093,1.146853147,0.111888112,1.948717949,20.53210942,8.27039627,16.22377622,7.664335664,52.24242424,15.5990676,63.45991561,29.53639083,41249.75,28.29012961,20.33898305,17.94616152,11.64007976,21.78464606,19.53226505,47.2407045,71300.00,37,134,55.73111944,1.794322,4.4456,5.623995715,4.231387252,3734,59.39086294,1.52284264,6.082529475,3.213711837,0.53561864,4.819277108,46.95759066,54.13318025,,225.2276379,57.84681,11.48836216,51.58693006,14.04362887,36.23256249,2.99597416,0.74899354,51.68055426,42.22451081,43.34800112,74.22867514,31.71,81.6,83.2,63.2,6.714060032,0.3,73,7.2,3,9.1,27.7,124.2,385,1576.6,315.2326561,0.561745155,0.093624192,7,59.92275698,10.94771242,29.1295306,15.44749528,16.98735569,64.85706432,18.15557999,125,10.4,117,936,110,168376.00,0,2.564102564,18.8034188,30.76923077,21.61016949,81,7.583559592,455,57.85975096,4.11946447,61.5403604,8.047395705,23.30288818,4.887682054,13.87311775,30.90594915,28.06714392,27.15378919,31.60731041,62.63708873,27.96610169,28.43968096,61,327.123,2.221673661,14,244.5464983,0.37449677,32,21.81443685
21,Greater Mondawmin,94.00374079,1.496314226,0.407085488,2.640554516,0.429090109,1.023214875,12.83326325,3.817801738,14.28099901,17.16360436,48.74023545,15.99735945,74.3872549,25.67652612,37254.45098,36.15481435,15.60730019,18.91126495,11.92573946,17.40088106,18.76832845,37.4691358,53610.00,31,93,46.76427526,1.434846,13.1772,6.061493411,2.635431918,3415,58.33333333,0.641025641,7.964860908,7.906295754,1.171303075,6,40.91456077,54.17661098,,188.8726208,55.34407,18.85688569,82.60030036,27.35464493,54.06565115,5.578202103,0.643638704,124.8659086,68.33297576,146.3205321,77.60416667,14.31,81.81818182,84.54545455,56.36,8.337396392,0.1,69.4,5.5,6.9,15.1,50.8,172,383.8,1296.3,274.2973611,1.180004291,0.107273117,1,52.22010783,7.944814462,39.8350777,13.20506062,18.93269884,65.21074099,15.85656016,130,24.61538462,219,3070,198,866210.00,0.429092469,4.566210046,18.26484018,28.76712329,37.09880428,152,16.30551384,1483,76.70027891,4.290924694,59.81364593,7.003306282,28.37391043,2.103997595,9.678388939,39.01412684,23.59483018,27.71265404,21.45749877,64.78917558,29.54688483,35.52548773,67.256,2057.61,2.705139766,,226.1336516,0.536365587,27,45.16198241
22,Greater Roland Park/Poplar Hill,5.993442623,77.7704918,8.996721311,3.016393443,0.957377049,3.26557377,37.46510835,5.53442623,14.21639344,10.09836066,49.7704918,20.38032787,9.241706161,26.53253694,113496.1379,9.525306507,8.393586922,8.299276957,8.425023577,65.35680604,2.146892655,3.79241517,317763.00,27,174,76.43164515,0.165508,0.0993,0.463422708,4.634227077,3021,32.33532934,0,0.463422708,0,0.33101622,0,25.01676727,40.46890928,2.648129758,311.4862628,21.84707,1.810699588,25.6201708,3.795580859,21.82458994,0,0,11.6578555,1.89779043,69.40490714,100,0,90.90909091,90.90909091,72.73,0.225479143,0.3,83.6,0,0,2.8,4.3,32.3,189.6,1792.7,366.2735529,0.542225837,1.084451674,65,71.07472712,2.329974811,26.59529807,3.174149271,0.953449243,17.10600112,81.94054964,109,16.51376147,311,3275,282,671383.00,0.677782296,4.823151125,22.82958199,29.58199357,4.46400503,235,31.85576793,2141,16.94455741,6.235597126,79.77240398,4.608819346,6.230440967,6.031294452,24.21052632,44.69416785,16.67140825,14.42389758,59.76709397,66.11128576,20.27664257,6.570260924,52.562,164.566,3.357041252,42,5.096839959,2.033346889,88,28.73796936
23,Greater Rosemont,96.81231266,1.562139728,0.155637537,0.593728384,0.23057413,0.645607563,7.183751669,7.049804012,16.37652755,10.75051879,54.23679963,11.58635001,64.69355684,32.5601228,35055.40764,35.39143783,21.45659219,16.62971175,8.732730684,17.78952755,23.63387978,43.24662331,34784.00,39,127,42.3488045,1.40647,18.7342,8.720112518,1.715893108,7110,85.71428571,1.158301158,9.758833427,6.751054852,0.281293952,5.930930931,47.45417515,50.71770335,,48.2419128,32.48945,16.44491751,72.95290514,27.41575367,43.87559063,6.334700659,1.090399294,90.9185316,149.9558648,74.0952282,69.52380952,27.36,84.14096916,83.70044053,57.71,10.84830566,0.9,68.7,13.9,0,20.2,54.5,162.7,432.2,1222.2,300.6386624,0.778856638,0.103847552,9,52.45173415,10.01195968,37.53630617,16.02844639,19.45879674,70.9168929,9.62431036,398,6.532663317,199,1867,186,725377.00,0.051923776,2.512562814,12.56281407,26.13065327,35.59611121,146,7.580871281,803,84.16844073,4.776987383,57.45732972,5.694688148,30.9618759,2.951028872,11.00654012,32.11038443,30.70665178,26.17642367,26.62510808,75.67798056,15.48695207,37.77929388,67.959,596.812,2.935077365,238,194.8963317,0.155771328,21,27.571525
24,Greenmount East,93.97682414,3.285368649,0.25467974,0.305615688,0.203743792,1.973767987,11.43879899,7.309308545,20.76913282,7.831402012,51.16515981,12.92499682,80.79470199,31.15543329,26563.26117,46.87070151,19.77303989,15.09628611,6.808803301,11.45116919,24.20062696,36.44773358,107875.00,28,122,26.72627919,2.334824,31.5946,10.7550919,4.148037755,4026,75.93984962,0,9.475254912,21.11276701,0,23.3490566,53.40136054,56.82326622,15.64828614,105.5638351,13.6612,24.33179724,86.02150538,32.86901271,51.68621701,10.14173998,1.955034213,97.62952102,153.5923754,94.57478006,79.09407666,24.79,76.36363636,74.54545455,63.64,11.60280626,1.5,67.4,12.4,2.6,16.8,54.1,176.8,463.3,1277.3,325.5131965,2.443792766,0.244379277,32,47.52906977,14.24418605,38.22674419,23.05882353,21.71666998,67.05742102,11.225909,182,30.76923077,101,745,95,585644.00,0,1.98019802,13.86138614,21.78217822,42.434663,72,8.797653959,403,191.226784,3.787878788,43.02579799,7.433318758,42.54481854,6.07783122,11.89331001,32.61915173,27.24092698,28.24661128,13.74537247,53.09491059,39.58046768,53.7826685,82.386,761.975,0.918233494,299,138.7024609,0.488758553,0,44.47702835
25,Hamilton,61.67604212,30.66493581,1.550555315,4.038655705,0.432713111,1.637097937,52.4254689,6.851290927,18.96725804,6.77196019,58.32251551,9.086975335,41.38873701,35.45948042,65130.49907,19.17409849,13.47421481,13.80379992,10.3722373,43.17564948,8.997655334,13.0777903,136000.00,30,301,74.95990836,1.901489,0.9164,2.24513173,4.879725086,4365,21.79104478,0.298507463,3.295194508,0.458190149,0,0,35.68340539,45.62937063,,219.0148912,63.00115,5.534741144,47.83879403,11.92124289,35.53299492,1.461313644,0.153822489,45.14690048,24.15013075,65.37455776,98.98403483,12.63,87.27272727,90,68.18,2.819132087,0.6,72.8,13.9,2.7,17.3,22.6,108,408.7,1425.3,227.811106,0.230733733,0.307644978,14,72.59337191,5.544450289,21.8621778,7.095731789,8.280731786,60.67187333,31.04739489,193,8.29015544,215,1456,200,413953.00,0.076911244,5.11627907,20.46511628,30.23255814,14.69561846,156,11.99815413,848,15.76680511,2.538071066,80.88655147,9.571750563,8.009015778,0.736288505,10.29301277,38.93313298,27.61833208,23.15552216,34.84228931,75.41682823,12.44668476,10.89569601,62.728,185.741,0.796393689,2,189.6853147,0.461467467,47,21.84279342
26,Harbor East/Little Italy,52.09433298,26.53995072,5.332629356,0.932770151,0.404787047,14.69552974,67.73417332,4.963041183,14.90672298,9.802886308,61.98521647,8.342133052,67.27272727,29.59641256,46666.33333,33.632287,8.609865471,11.88340807,6.995515695,38.87892377,26.85827552,33.36457357,300000.00,28.5,79,36.57407407,1.331019,1.6204,3.587962963,3.761574074,1728,38.23529412,0,2.835648148,0,13.88888889,0,37.52808989,38.72366791,10.41666667,149.8842593,28.93519,8.184143223,113.5565008,41.05788792,69.16959497,2.774181616,0.554836323,116.3306824,41.98261513,175.698169,92.47648903,21.13,77.41935484,82.25806452,67.74,12.43042672,2.8,71.6,10.4,1.9,14.5,19.9,134.7,476.8,1588.2,359.1640466,13.5010172,1.66450897,75,61.36416725,8.082223779,30.55360897,11.63807602,18.61861862,43.14314314,38.23823824,473,21.14164905,420,88375,376,14092500.00,0.924727205,5.714285714,20.95238095,34.28571429,20.80717489,305,56.40835953,21226,44.20196042,6.658035879,43.17810458,6.168300654,23.65196078,24.10130719,33.94607843,19.8120915,23.69281046,22.54901961,7.323089645,44.93273543,45.11210762,36.05381166,94.244,406.88,2.900326797,7,61.95786865,4.253745145,328,58.44275939
27,Harford/Echodale,57.18180692,37.2474904,0.601065807,1.716445656,0,3.253191226,54.64366236,8.352955757,11.41405379,6.927748172,61.05465361,12.25058867,41.51685393,26.46446625,55808.70389,19.35771632,12.94974725,22.65834077,11.47784716,33.5563485,10.15709642,18.23064771,150000.00,31,283,77.68758662,1.42546,0.9305,1.960007919,5.107899426,5051,25.74525745,0.81300813,2.220019822,0.395961196,0,0,33.81483913,44.08403981,,214.2150069,76.02455,4.341337675,47.74630322,12.6492072,34.20630679,1.306490884,0.178157848,42.75788348,24.11069541,40.08551577,90.16064257,17.82,90.75630252,90.75630252,68.49,2.568981922,0.5,75.5,6.3,0.7,8.8,17.8,85.2,411.1,1359,191.8760021,0.237543797,0.356315696,22,74.3920905,6.680324218,18.58911553,8.239947264,10.19442096,62.78106509,27.02451395,189,15.34391534,257,2284,237,854259.00,0.059385949,6.225680934,21.01167315,27.23735409,16.14629795,176,10.45192707,1196,10.63008492,2.731753667,76.87888942,9.17903303,11.96744854,0.610339876,8.939684059,41.89803734,26.627573,22.5347056,29.59703092,72.77728219,20.75527803,11.26969967,60.023,238.91,1.364289134,11,105.0497604,0.653245442,37,31.11823743
28,Highlandtown,10.55460863,68.53284384,1.822472794,2.228923561,0,16.86115117,51.03566205,9.230365806,5.965648355,7.09322145,68.25750623,9.453258162,12.66891892,17.27458418,82652.13293,16.98278378,10.06711409,10.53399475,8.754012256,53.66209513,6.652512385,14.61067367,259688.00,26,280,58.34873691,0.523722,1.8176,2.464571781,13.73998768,3246,20,0.677966102,1.671826625,0.616142945,0.924214418,0,18.51851852,48.01422644,66.54343808,268.6383241,29.57486,5.376344086,98.48275862,28.13793103,69.79310345,1.103448276,0.275862069,56.68965517,45.79310345,71.03448276,100,43.1,91.42857143,93.57142857,72.14,1.590744758,5.1,75.2,5,0,2.3,15.2,127,373.2,1135.6,367.0344828,1.931034483,0.827586207,38,82.1447073,3.816266621,13.96995338,4.439533949,17.22625274,28.91850852,53.85523874,354,25.14124294,310,2388,290,3260161.00,0.551724138,4.193548387,26.4516129,38.06451613,16.89524365,214,29.51724138,1345,151.5862069,5.793103448,76.81917211,10.15250545,7.189542484,4.575163399,17.32026144,39.4335512,21.56862745,21.67755991,4.147013645,55.55879778,36.15407062,14.44412022,91.4,395.172,1.263616558,4,50.97806758,1.103448276,171,35.03448276
29,Howard Park/West Arlington,94.060981,3.084401237,0.185594344,1.732213875,0.159080866,0.777728679,11.58062583,4.171453822,11.49801149,8.360583297,51.20636323,24.76358816,40.14336918,20.43956044,53318.25221,27.91208791,11.06227106,16.55677656,11.6971917,32.77167277,15.47186933,21.64477441,101000.00,37,155,69.74228444,2.386255,2.4181,4.99522749,6.776964683,3143,39.02439024,0.487804878,4.923761118,1.909004136,0.318167356,0,42.72675414,50.11070111,,393.2548521,97.99555,8.213457077,53.4351145,11.31242527,41.2949508,2.391244367,0.275912812,50.03218983,27.77522303,99.4205831,81.5324165,25.21,83.33333333,83.33333333,59.38,4.299424184,0.2,75,15.4,0,9.6,23.8,101.1,352.4,1463,168.8586407,0.827738435,0.183941874,4,60.56657224,7.082152975,32.35127479,10.46901173,17.90367613,58.62028851,23.47603537,152,16.44736842,187,6178,168,659626.00,0.091970937,5.882352941,19.78609626,32.62032086,33.38217338,123,11.31242527,2404,25.4759496,2.851099053,73.64645997,6.108283202,13.14206386,5.876908839,9.995372513,38.17677001,32.57751041,19.25034706,38.33633639,68.03418803,21.41636142,15.43345543,56.609,697.324,1.226284128,67,174.1697417,0.275912812,9,19.58980962
30,Inner Harbor/Federal Hill,13.88623151,71.91846346,5.224814188,2.715431599,1.000809478,5.254249761,45.44987713,4.268158069,5.681065568,10.16263154,68.90131724,10.98682758,22.83163265,11.8464793,98763.46458,14.85343004,7.026291931,11.95225144,7.449380477,58.71864612,2.33570863,8.212927757,300000.00,33,392,59.93990986,1.101652,0.3338,0.300450676,5.441495577,5991,21.86147186,0.216450216,1.233538923,1.335336338,1.50225338,0,23.85433715,42.41311105,26.20597563,267.4011017,39.89317,2.708288014,61.68805912,16.4916375,44.4185142,0.466744457,0.155581486,63.78840918,14.08012447,112.7965772,100,10,88.51351351,94.59459459,81.76,1.978891821,2.6,81,2.4,0,3.3,6.3,54.7,305.1,1165.6,307.0400622,13.92454298,1.86697783,1070,82.08652338,1.90941795,15.3860345,2.273226444,5.959837878,23.59985262,70.44030951,473,21.77589852,721,12869,630,4273664.00,0.233372229,4.993065187,25.79750347,33.98058252,9.323058326,505,39.28432517,9426,34.85025282,6.767794632,70.40328093,5.126452495,7.644110276,14.82114377,22.07792208,43.30143541,22.49943039,12.12121212,9.886814644,48.00543971,48.2623149,14.50589302,89.684,392.765,2.005012531,2,46.62333993,4.200700117,1100,34.53908985
31,Lauraville,53.94058434,36.6232916,0.621982159,2.708895982,2.226041411,3.879204518,58.33601399,5.761518946,13.15164907,8.863245765,56.755872,15.46771422,32,25.19596865,67320.37182,14.33370661,11.26539754,17.53639418,14.06494961,42.79955207,7.488679902,16.56165617,134000.00,25,229,72.81879195,0.872483,1.6779,2.93064877,5.212527964,4470,23.50746269,2.611940299,2.749832327,0.223713647,0.223713647,0,27.89553369,39.80295567,1.342281879,305.5928412,84.11633,6.75944334,43.18422554,8.718324778,33.40666504,1.140715392,0.162959342,42.36942883,23.05874684,49.7025992,79.26565875,11.42,85.84070796,88.49557522,74.34,4.129387474,0.6,75.3,6.2,3.8,13.5,21.9,74.4,390.2,1356.8,240.3650289,0.407398354,0.325918683,34,70.00972526,8.315098468,21.5536105,10.61617259,10.85552408,57.46175637,31.68271955,130,11.53846154,182,1526,169,763736.00,0,7.692307692,18.13186813,26.92307692,16.95408735,128,10.42939787,1083,28.92528314,4.481381895,74.60854093,9.679715302,10.65836299,3.274021352,13.98576512,40.16014235,24.76868327,21.08540925,40.33598269,73.43784994,12.72116461,11.26539754,60.312,263.016,1.779359431,,204.9261084,0.651837367,46,44.89529862
32,Loch Raven,87.02097738,8.326497129,0.919957811,0.720731279,0.984413454,2.027422946,25.74266655,3.85561936,17.87179187,10.20157037,53.25208016,14.81893824,59.18261769,29.07204091,52079.98066,18.21326515,16.6040006,27.80869304,12.13716348,25.23687773,5.385029618,6.473641082,123500.00,24,201,76.78106509,0.686391,0.6154,1.798816568,3.029585799,4225,28.1938326,1.762114537,2.508282063,0,0,0,34.78441128,43.19795513,,198.816568,71.95266,2.988743693,37.68532428,10.31937822,26.71282085,2.155313174,0.130625041,43.89001372,21.7490693,61.91626935,91.56844968,20.52,87.97468354,84.81012658,63.92,3.295819936,0.1,74.4,12.1,2.3,11.1,26.2,89.6,418.1,1176.9,212.0697538,0.195937561,0.130625041,2,66.36450798,8.951451233,24.68404079,11.88519847,9.227855729,71.4470173,19.32512697,52,63.46153846,179,3397,169,247207.00,0.130625041,7.82122905,29.60893855,38.54748603,24.96616032,146,9.53562798,2866,26.05969564,2.481875776,58.39264915,11.42746215,24.60204478,3.778956904,9.395625728,39.5625728,32.70350718,18.33829429,32.22129761,69.89020905,24.42472552,23.95849,55.764,321.272,1.79888702,1,75.26270946,0.195937561,12,29.84782183
33,Madison/East End,87.89258079,1.365498407,0.136549841,0.30344409,1.365498407,8.936428463,28.79052983,9.103322713,20.02730997,12.54741314,50.14413594,8.177818237,80.84577114,38.08621506,29975.85648,44.90762672,12.97963051,19.32733302,7.200378967,15.58503079,33.74233129,56.12565445,74000.00,25,88,22.95081967,1.051655,19.4247,8.815341788,5.629446335,3233,81.86528497,0.518134715,9.076827757,2.783792144,0.309310238,10.1910828,34.14634146,58.4918957,12.99103,106.4027219,20.72379,16.15646259,118.8793214,28.65955533,89.3201388,4.626654672,0.771109112,106.6700938,215.7820332,71.97018378,90.85714286,37.97,81.81818182,84.84848485,60.61,13.60582307,1.3,68.7,10.1,3.1,15,36.2,176.2,466.4,1473.7,352.7824187,2.056290965,0.128518185,2,49.49494949,13.88888889,36.61616162,21.9123506,26.53485952,64.49011446,8.975026015,187,18.71657754,142,919,139,139437.00,0,9.154929577,20.42253521,28.87323944,30.74372335,115,14.77959131,581,207.5568693,4.883691042,42.30064161,10.81576535,34.1888176,9.715857012,17.87351054,41.97983501,20.02749771,20.11915674,6.337141048,77.21459024,16.24822359,54.00284225,88.806,171.957,2.978918423,,291.7547569,0.128518185,10,22.10512788
34,Medfield/Hampden/Woodberry/Remington,10.74268934,77.11978466,5.377462376,2.78355561,0.312002936,3.664505078,39.03893666,5.560993515,7.102655084,6.784534443,66.40768384,14.14413312,20.40160643,16.32572777,65098.54759,16.85024915,14.25386835,15.28979806,10.60844479,42.99763965,5.980484734,8.452088452,210000.00,19,474,64.33668269,0.66987,0.7281,2.111547983,8.387942333,6867,20.61657033,0.578034682,2.01048951,0.582495995,3.349351973,0,24.36069987,38.85203346,10.04805592,409.9315567,53.00714,2.760167756,47.33149298,10.86956522,36.05935128,0.230043708,0,45.54865424,39.97009432,95.92822636,92.4205379,22.06,92.51101322,92.51101322,75.33,1.356812933,1,76.6,4.5,0,9.5,13.9,101.3,390.6,1005.5,295.6061652,1.035196687,1.610305958,179,79.73872319,4.395694684,15.29866075,5.224609375,11.3313587,32.90802764,55.76061366,535,38.5046729,836,7221,763,1616495.00,0.287554635,6.459330144,27.75119617,37.32057416,14.62103331,555,31.91856453,3781,34.10397976,6.153669197,67.10300429,8.379828326,8.809012876,10.87982833,21.79184549,43.63733906,23.42274678,11.14806867,32.4854728,69.87936008,20.56123787,18.8172043,69.041,165.862,4.82832618,15,21.63253533,5.175983437,1418,23.63699103
35,Midtown,30.89949847,52.72585163,6.285416531,3.321826353,0.683905426,6.083501596,63.76612651,2.260144597,3.582361753,15.80147203,63.57715105,14.77887058,32.91925466,5.467511886,47406.39542,30.03169572,15.19130632,14.51211229,8.308806882,31.95607879,5.419489317,16.19156214,270000.00,39,203,40.77780955,0.486131,2.0303,4.260794967,5.747783815,3497,25.1572327,0,3.672883788,0.571918788,0,9.85915493,20.37533512,43.67369589,47.18329997,211.6099514,14.86989,7.312401099,80.29294274,20.83888149,58.5885486,0.732356858,0,73.63515313,20.10652463,130.0266312,100,9.62,90.09009009,92.79279279,72.97,4.604051565,1.8,76.3,9.5,0,2.3,15.3,106.3,356.6,1000,334.8868176,6.458055925,3.195739015,552,75.78035627,4.739336493,19.34956692,5.885934646,9.127182045,28.16292602,62.70989194,783,15.70881226,978,16585,874,1171677.00,0.199733688,4.90797546,27.81186094,37.93456033,16.05161875,654,43.54194407,5824,43.34221039,4.793608522,45.51866319,2.810329861,27.00737847,20.43185764,22.42838542,40.46223958,17.32855903,19.78081597,13.82938602,46.55875028,45.93615576,38.44238171,89.446,488.615,4.231770833,2,94.06215316,6.72436751,3562,37.54993342
36,Midway/Coldstream,91.80059036,4.373018476,0.634087679,1.486826282,0.295178747,1.410298459,17.17218153,6.297146605,14.6277468,8.658576582,53.46015087,16.95637914,69.71428571,29.59080149,35273.38281,38.38349679,17.75448089,20.52756172,6.087250592,17.24721001,22.60387812,49.33616569,35000.00,31,83,33.56968215,1.026895,20.4645,7.775061125,2.298288509,4090,81.09756098,0.609756098,10.81871345,7.579462103,0,8.124253286,38.28740157,57.73381295,,117.3594132,27.38386,15.76985791,76.26766417,26.08063175,48.10889443,7.273482959,1.246882793,92.16541978,125.5195345,73.98171239,83.28690808,28.04,82.0754717,82.0754717,56.6,11.95024434,1.2,67.6,13.7,8.4,26,52.9,146.4,424.7,1961.9,320.3449709,1.142975894,0.207813799,4,50.50607287,17.45951417,32.03441296,25.68875652,31.09765564,59.35413756,9.5482068,282,6.028368794,156,1225,150,529487.00,0.103906899,3.205128205,17.30769231,25,36.18532296,113,11.74147963,543,156.1720698,3.013300083,49.41468606,14.75700603,32.63568641,2.412202909,9.152181625,28.41433132,31.14579638,31.28769067,12.65134968,71.59283057,12.58031789,43.52384173,74.312,470.283,0.780418588,1,229.3165468,0.519534497,15,23.79467997
37,Morrell Park/Violetville,22.0569042,61.79848603,3.70660402,2.479770295,0.548159749,9.410075698,60.84742885,4.920386322,11.8376403,5.977551553,58.88801879,18.37640303,36.32218845,20.14696877,40950.89674,32.97611758,15.95223515,17.66687079,9.399877526,24.00489896,12.80853903,15.3540175,80000.00,33,165,63.92766497,2.252538,2.0622,3.140862944,2.315989848,3152,46.82926829,2.43902439,3.300539511,1.269035533,0,0,35.1993865,52.9455081,,204.3147208,73.92132,5.144193297,76.75145025,20.86122267,52.54350736,5.131637662,0.223114681,110.3302097,58.45604641,141.0084784,75.56818182,68.97,83.60655738,87.70491803,61.48,4.764344262,0.9,72.9,1.6,0,7.8,36.4,151.2,407.8,1024.3,74.74341812,,0.334672021,6,64.97241923,6.875492514,27.89598109,9.569509186,27.63513514,59.5777027,12.78716216,479,13.3611691,379,9269,344,1904354.00,0.11155734,7.124010554,20.58047493,30.60686016,33.46601347,243,27.10843373,6994,56.33645694,9.036144578,64.45289643,9.391456992,19.07548274,4.271503803,18.19777648,44.00234055,12.99005266,24.80983031,25.82420117,63.90079608,23.51500306,26.51561543,45.708,318.162,2.808660035,1,173.0486009,1.115573405,256,40.04908523
38,Mount Washington/Coldspring,25.42644993,64.65984347,4.796307445,0.883002208,0,4.23439695,52.33457998,10.53582179,12.72325908,3.03030303,55.18763797,18.52297813,16.86956522,24.64637805,79992.61638,15.64509216,9.344192027,10.80154308,11.23017574,52.978997,1.996370236,3.796376186,276500.00,22,82,81.80336773,1.249321,0.163,0.488864747,4.562737643,1841,21.83908046,1.149425287,0.543183053,0.543183053,0,0,30.68181818,35.6092437,1.629549158,377.5122216,33.13417,1.011089367,46.82662539,10.25541796,35.60371517,1.93498452,0.193498452,20.31733746,7.933436533,178.4055728,92.85714286,0,94.59459459,94.59459459,72.97,0,0.4,79.8,0,0,11.4,13.2,48.9,255,1883.2,217.4922601,0.580495356,0.96749226,25,80.56300268,3.585790885,15.85120643,4.261250498,4.818949088,24.82983937,70.35121154,99,25.25252525,208,2108,187,3492548.00,0.193498452,9.615384615,33.65384615,41.34615385,12.13030433,158,30.57275542,1553,14.70588235,4.256965944,80.82524272,8.292880259,6.796116505,2.184466019,16.38349515,40.65533981,25.84951456,17.11165049,66.61790901,66.60951565,30.13287613,10.15859408,32.695,172.601,1.901294498,8,16.80672269,2.515479876,94,30.57275542
39,North Baltimore/Guilford/Homeland,16.12285151,64.11947027,9.816849817,5.359256128,0.726965342,3.854606932,55.77806455,4.72245703,10.79740772,24.35615666,45.22400676,14.89997182,12.3655914,24.75873544,90704.5,15.5906822,10.64891847,8.236272879,8.186356073,57.33777038,3.482899278,4.49725777,377500.00,37,322,74.47600392,1.077375,0.4505,1.25367287,5.034280118,5105,28.33876221,0.325732899,0.940070505,0.391772772,0,0,28.24005891,56.05536332,4.30950049,388.4427032,18.02155,1.225692398,28.74484654,5.668804398,22.73247824,0.687127806,0.114521301,19.58314246,13.68529546,46.83921209,98.62241703,1.56,86.84210526,89.47368421,79.82,0.768285187,0.3,82.4,1.5,3.8,1.9,8.3,49.3,231.4,1144.9,206.252863,0.744388456,0.801649107,73,52.91447683,3.384296863,43.70122631,6.011315417,3.074327491,23.27303402,73.65263849,225,16,346,3773,310,702890.00,0.05726065,6.358381503,26.30057803,33.52601156,10.01663894,241,13.79981677,1821,10.87952359,3.836463582,66.55910824,7.817541801,12.14432385,9.709592256,18.14315048,50.99735993,15.60574949,15.2537401,50.40420587,68.50249584,23.97670549,18.68552413,58.395,232.994,3.769433852,3,43.00543747,1.660558864,102,25.48098946
40,Northwood,84.4943564,7.559001254,0.786683388,2.531068293,0.541557405,4.087333257,31.42822193,3.893512712,10.93375898,27.68213431,42.36119029,15.12940372,43.07692308,26.05685131,55416.125,21.70189504,14.06705539,18.0393586,13.26530612,32.92638484,6.609017912,9.751037344,129950.00,35,210,79.23192448,1.008367,0.6651,2.939283416,3.64728599,4661,31.27413127,1.158301158,2.979635584,0.214546235,0.214546235,0,40.70038911,55.54187192,0.214546235,454.4089251,93.32761,3.378072689,39.29580004,11.3561257,27.57916241,0.600853212,0.060085321,39.59622664,19.94832662,72.10238539,99.51245937,6.7,86.36363636,91.55844156,64.94,3.394625177,0.1,75.2,14.4,2.7,5.1,20,91.9,346.6,1531.7,267.8603617,1.261791744,0.420597248,89,53.03246239,6.476642914,40.41171813,10.88344864,11.20475954,61.53693604,27.25830441,62,30.64516129,127,1438,111,317717.00,0.060085321,7.874015748,25.98425197,32.28346457,18.8228863,87,5.227422941,804,30.22291654,2.042900919,61.93247963,14.78463329,15.51222352,5.034924331,13.50407451,38.30034924,27.56111758,20.63445867,27.93172002,74.19825073,16.92784257,16.98250729,47.599,282.101,2.735739232,85,121.3054187,0.660938533,154,30.28300186
41,Oldtown/Middle East,87.2176483,8.718598269,1.794384632,0.474984167,0.189993667,1.604390965,25.28485775,3.6943213,20.69875449,11.70572092,51.68883259,12.2123707,86.70944088,26.99158832,19127.37949,56.1850569,9.62394854,15.56160317,4.700643246,13.92874814,40.12629162,55.19508987,173500.00,35,49,35.89138135,3.837072,14.1677,12.10153483,7.969303424,1694,42.10526316,1.754385965,5.111402359,11.80637544,0,36.25,37.11656442,42.93801302,85.59622196,143.4474616,27.74498,5.691056911,110.5678076,38.02015767,71.05079333,7.983235206,0.798323521,139.8064065,61.67049197,182.6165053,87.41610738,20.77,83.67346939,85.03401361,66.67,15.80052493,0.4,69.4,12.6,4.1,12.2,42.9,172.3,415.7,1120.7,372.8170841,3.193294082,0.698533081,239,46.26675175,7.641991066,46.09125718,14.17579165,28.37793195,52.09778659,19.52428147,486,21.19341564,871,14348,815,1881159.00,0.39916176,13.31802526,52.00918485,59.01262916,40.52449283,754,75.24199182,8654,44.40674583,3.492665403,41.73228346,6.585540444,26.95060845,22.11882606,30.27916965,33.32140301,13.45740873,22.94201861,10.14963529,51.70707571,44.9777338,66.18010886,90.779,1021.26,2.612741589,24,80.10189641,0.997904401,160,40.41512823
42,Orangeville/East Highlandtown,12.55463592,42.8345578,3.729191853,3.375802102,2.278433925,35.22737841,80.1951624,11.36427044,14.48897982,6.472612294,57.38863573,10.28550172,35.72635135,34.7826087,51915.30141,24.79435958,15.98119859,17.65569918,8.108108108,33.46063455,13.23671498,22.48636009,102000.00,31,197,49.15765653,0.502892,1.4584,2.413879809,4.249434247,3977,41.63090129,0,2.468173552,1.005783254,0.251445813,0,34.91644679,43.99486191,1.005783254,160.1709832,69.1476,6.183510638,115.8690176,39.09757967,75.34771657,1.642755448,0.10951703,112.5835067,90.35154967,237.7614719,83.91608392,85.86,86.57407407,89.35185185,52.78,3.079252903,2.2,73.3,10.2,1.4,11.5,22.9,122.9,387.4,1231.6,321.4324828,0.876136239,0.547585149,60,70.59325651,3.670507896,25.7362356,4.942528736,31.48275388,49.251065,19.26618112,623,14.92776886,565,10068,518,1568496.00,0.32855109,8.318584071,29.91150442,38.40707965,24.32432432,348,38.1119264,6118,146.0957179,7.447158033,59.05032468,18.42532468,18.95292208,1.887175325,15.46266234,33.09659091,30.60064935,20.8400974,12.17408913,67.47943596,23.06110458,20.29964747,50.995,823.459,1.684253247,192,70.64868337,1.423721389,155,28.47442777
43,Patterson Park North & East,32.18115124,48.77962754,2.610045147,2.165632054,0.246896163,14.01664786,66.08471175,8.500282167,14.27059819,7.449209932,62.63402935,7.145880361,27.47326203,28.30652791,69760.04175,18.77010407,11.25827815,13.92620624,9.290444655,46.75496689,21.68766705,40.90342679,220000.00,28,487,47.55277561,0.766224,3.5184,2.908522283,8.178264269,6395,22.75862069,0.517241379,3.816674488,0.312744332,0,2.666666667,23.5386426,47,71.61845192,214.5426114,21.42299,9.351658201,112.5163241,27.35583202,83.85456045,1.305931679,0.137466493,67.77098082,44.40167709,62.20358788,79.21847247,17.41,89.49416342,89.10505837,64.59,6.355645707,1.1,72.3,8.1,4,10.3,17,125.8,467.6,1327.9,384.0813802,2.474396866,0.068733246,6,75.80060719,4.710606209,19.44961316,5.850869724,17.0036393,35.77638496,47.21997574,153,36.60130719,134,1049,125,1250373.00,0.068733246,2.985074627,21.64179104,30.59701493,18.65657521,88,6.048525672,393,216.028593,4.880060485,65.97719438,9.851498276,12.19835587,8.220631132,19.47759215,35.86581809,24.33041634,20.32617343,6.453563731,69.95269631,22.38410596,19.75402081,88.556,330.126,3.752320339,18,238.0952381,0.412399478,30,19.3140422
44,Penn North/Reservoir Hill,83.99091683,10.96603274,0.624467783,0.879931876,0.662314315,2.876336456,31.63120015,6.850222348,16.97416974,8.231620778,56.94010786,11.00387927,62.18402427,22.95196101,34873.32682,40.65908563,13.80830819,18.58899977,4.850313298,22.09329311,25.9645464,46.64,127500.00,36,127,34.59747172,0.532269,16.2675,7.45176314,4.657351963,3006,51.61290323,0,9.471585244,1.996007984,0,6.748466258,28.93569845,53.03867403,21.62341983,229.8735862,30.27279,17.47648903,65.8874638,17.17004551,47.88994621,5.999172528,0.724038064,83.05750931,188.4567646,140.0496483,76.54584222,26.47,86.73469388,82.65306122,59.18,9.801980198,0.6,70.9,4.8,4.4,17.6,34.6,144.1,457,1193,321.2660323,4.240794373,0.413736036,12,56.70886076,8.073136428,35.21800281,12.46200608,14.02311656,58.36234508,27.61453837,142,18.30985915,110,571,105,518182.00,0,4.545454545,12.72727273,21.81818182,31.23694593,76,7.860984692,334,83.26437733,1.965246173,54.96240602,6.64160401,28.24561404,6.4160401,15.26315789,38.02005013,24.61152882,22.10526316,40.42592595,66.27987932,28.84660014,40.2413553,76.95,643.877,3.73433584,22,188.5359116,0.517170046,35,41.58047166
45,Pimlico/Arlington/Hilltop,95.21241366,2.620872363,0.208155928,1.154319236,0.236540827,0.567697985,10.30026532,5.856750875,9.698173905,9.688712272,52.64452645,22.1118365,62.12952799,22.68426295,30582.40777,42.1314741,16.45916335,15.31374502,6.424302789,19.67131474,19.1190253,38.96024465,48600.00,34,88,49.39386123,0.593242,17.0235,6.112973949,2.553520763,3877,75.88235294,0,8.348363824,4.384833634,0,18.78787879,45.44666088,53.01376364,,84.34356461,55.19732,14.40485216,65.16587678,24.11983751,39.86120515,9.394041977,1.523358158,88.35477319,354.5192959,69.90521327,80.11695906,24.51,79.52755906,81.1023622,56.69,7.366071429,0.7,67.7,18.7,3.8,35.5,44.4,157.1,461.8,1651.8,233.8354773,1.692620176,0.253893026,10,50.44027003,9.568535368,39.9911946,15.94521888,22.1237818,67.75091761,10.12530059,207,14.00966184,298,3510,283,147148.00,0.169262018,10.06711409,31.87919463,38.9261745,40.91135458,259,21.91943128,3095,51.9634394,3.639133378,55.53973227,7.633152948,23.95328966,11.25035602,15.52264312,32.07063515,30.44716605,21.95955568,22.42009973,70.11952191,20.3685259,41.63346614,72.85,417.569,1.623469097,,168.0113906,0.423155044,76,30.29790115
46,Poppleton/The Terraces/Hollins Market,81.58874638,14.08771204,1.117087298,1.737691353,0.103434009,1.36532892,32.51316732,7.964418701,21.34877948,9.040132396,53.24782789,8.398841539,86.32986627,32.18555715,20409.00909,57.24533716,14.77761836,7.651841224,6.838833094,13.48637016,44.97237569,57.44530699,82000.00,17,55,29.35578331,4.465593,14.2753,8.491947291,4.685212299,1366,58.62068966,0,7.410124725,5.124450952,0,36.92307692,26.19047619,54.21828909,35.87115666,84.18740849,11.71303,7.181677019,82.97286669,30.47581597,49.74439638,6.488399528,0.589854503,115.021628,210.9712937,112.4655918,89.39393939,23.81,71.42857143,71.42857143,66.67,15.22988506,1.4,66.9,15.4,2,13.3,49.3,215.6,405.5,1611.1,288.0456154,1.966181675,0.589854503,12,57.82312925,10.98153547,31.19533528,15.96045198,27.61744966,53.75838926,18.62416107,228,17.54385965,97,1161,88,1010825.00,0.196618168,7.216494845,20.6185567,29.89690722,30.12912482,66,12.97679906,727,68.61974046,4.128981518,46.49425287,7.643678161,25.28735632,17.47126437,22.01149425,41.72413793,16.72413793,19.54022989,15.29563547,57.58010521,38.7374462,53.08464849,87.791,497.444,3.103448276,204,74.33628319,0.589854503,69,51.12072355
47,Sandtown-Winchester/Harlem Park,96.07694638,1.605574068,0.242350803,0.446834293,1.295062102,0.333232354,7.93083113,6.906997879,18.60042411,9.110875492,51.40109058,13.98061194,74.9661705,31.7167382,25208.91343,49.69957082,15.27896996,13.62660944,8.819742489,12.5751073,35.04508036,56.7041654,34500.00,33,100,28.20937552,1.5405,35.1333,8.199436806,1.424548617,6037,88.10810811,0.540540541,13.98937936,11.0982276,0,19.47194719,41.27423823,52.98281092,0.82822594,70.3992049,15.23936,16.21655258,66.52792696,27.99409237,37.05692803,6.310418904,1.00698174,101.9736842,308.8077336,71.49570354,81.56342183,33.33,83.06010929,86.8852459,59.02,15.37025513,1.4,68.8,7.4,0.7,23.1,57.2,171.4,429.4,1027.9,312.5,2.752416756,0.067132116,1,49.48690088,8.813231921,41.6998672,15.11700145,25.05502143,69.32700104,5.617977528,191,15.18324607,154,1188,142,325649.00,0,1.948051948,17.53246753,23.37662338,37.87553648,113,7.585929108,733,120.972073,3.423737916,42.84683818,7.742245732,44.74633325,2.981485934,12.23851887,32.171195,21.13488819,34.45539793,16.16918293,70.45064378,22.36051502,56.65236052,80.839,282.291,1.683096898,13,88.97876643,0.067132116,6,29.94092374
48,South Baltimore,2.295848227,90.03299423,2.777014023,0.811108056,0.109980753,3.973054715,21.11191328,6.488864449,5.072862249,5.444047292,76.38163321,6.612592796,12.23300971,15.76852419,109295.2402,7.562767912,5.296999388,10.86956522,6.705450092,69.56521739,0.826446281,0.118906064,325000.00,15,281,71.88498403,0.987511,0.2324,0.29044438,10.80453093,3443,9.846153846,0.307692308,0.842533411,0.58088876,0,0,21.31147541,33.84747215,42.40487947,368.8643625,12.77955,2.165267344,27.7864502,6.08804246,21.38620044,0,0,28.25476116,9.990633781,53.38744927,98.30508475,15.38,92.19858156,91.4893617,77.3,0.699844479,3.3,77.1,4.3,4,2.7,4.9,75,395.6,1611.9,249.4536372,2.965969404,0.780518264,47,86.16153206,1.748542881,11.49042465,1.989013071,8.530727182,20.92098725,70.54828557,253,38.73517787,268,19183,239,11065730.00,0.624414611,3.358208955,22.3880597,33.95522388,7.899571341,181,28.25476116,17898,29.50359038,4.839213238,76.90168818,9.672293942,6.097318769,5.4816286,20.17874876,39.06653426,27.74577954,13.00893744,5.814466399,65.82976118,30.64911206,6.062461727,47.26,98.1892,1.847070506,1,7.712082262,1.873243834,916,41.21136435
49,Southeastern,29.58119517,41.25144844,2.002979639,1.026320146,0.546267174,25.59178944,79.17001713,10.82602218,22.36384705,5.197814931,48.99851018,12.61380566,41.60401003,35.78475336,33777.02222,37.84753363,18.02690583,16.23318386,8.02690583,19.86547085,30.28169014,52.89672544,85000.00,36,90,60.32786885,1.311475,1.2568,2.295081967,2.786885246,1830,40.54054054,2.702702703,3.418339664,1.092896175,1.092896175,0,50.2170767,53.04054054,2.732240437,155.1912568,101.63934,5.569461827,96.00638978,21.4057508,72.84345048,2.875399361,0.638977636,96.64536741,173.6421725,195.2076677,99.29078014,33.98,92.98245614,92.10526316,54.39,4.230235784,2.4,71.4,5.2,1.8,9.1,34.6,160.3,398.8,1233.1,184.6645367,0.159744409,0.638977636,42,55.9622196,6.316410862,37.33766234,10.14218009,30.62869425,55.9645352,13.40677055,466,18.6695279,407,6795,371,2124381.00,0.798722045,5.15970516,20.39312039,33.66093366,30.2690583,218,34.82428115,3615,38.81789137,6.07028754,70.29810298,11.97831978,12.5203252,2.493224932,25.69105691,34.63414634,23.19783198,16.47696477,5.083764349,65.20179372,27.98206278,28.34080717,30.09,372.045,2.7100271,,92.06081081,2.236421725,276,36.26198083
50,Southern Park Heights,93.32221578,2.965487239,0.413283063,1.377610209,0.0362529,1.885150812,15.32948873,6.685034803,14.55191415,7.946635731,55.5974478,15.21896752,66.80440771,30.18711019,24941.37464,50.08316008,16.50727651,11.97505198,7.027027027,14.40748441,31.62575596,48.4901076,45000.00,32,86,41.66666667,0.613497,20.8589,7.285276074,2.735173824,3912,67.13286713,0,10.08167432,6.901840491,0,25.98039216,41.6772554,58.43472542,1.278118609,158.2310838,26.84049,14.59756707,49.45799458,19.42186089,29.73501957,5.420054201,0.752785306,81.45137007,111.9391749,61.42728094,71.81628392,26.07,84.375,84.89583333,57.81,12.08935611,0.5,69,17.1,3.1,13.2,40.1,155.3,441.7,1681.2,254.1403192,0.677506775,0.075278531,10,44.23163082,11.35752688,44.41084229,20.43119081,24.04013515,66.80659363,9.153271219,173,13.29479769,138,1436,132,773913.00,0,2.898550725,11.5942029,25.36231884,36.65280665,96,7.226738934,605,63.00813008,2.785305631,50.55584966,9.422975119,37.0301747,1.72048703,6.564319746,28.93065114,27.7130757,36.79195341,29.14353089,72.05821206,20.45738046,49.93762994,60.765,334.161,1.270513499,32,132.1933574,0.075278531,50,17.53989762
51,Southwest Baltimore,73.5735914,12.78275842,2.87359734,2.962655109,1.07463041,6.732767322,49.75139877,10.324764,18.25090542,7.730214332,52.80531972,10.88879653,60.68111455,33.39651904,25427.84234,49.50887472,17.40479063,12.01102878,9.581251077,11.4940548,35.78324509,49.22529313,40000.00,31,125,23.2843435,0,29.7461,8.490222276,1.542572574,8233,86.04651163,0.996677741,11.63468545,7.89505648,0.121462407,10.12658228,37.72241993,60.42741341,5.830195554,63.28191425,15.91158,20.38865546,96.28180039,33.93905507,59.93849595,11.23846799,1.28599385,132.9046687,423.4833659,121.1629857,88.875,37.91,81.57894737,81.57894737,50.88,14.90309062,2.2,67,9.7,3.8,24.1,58.3,181.8,468.8,1263.2,228.6273413,1.341906626,0.223651104,46,48.95480226,8.785310734,42.25988701,15.21526419,32.96047726,58.36129754,8.678225205,647,5.7187017,323,3520,306,736223.00,0.055912776,7.430340557,18.26625387,26.625387,37.03256936,223,12.46854906,2157,248.5322896,4.69667319,43.03149606,9.862204724,35.25590551,8.661417323,20.86614173,37.65748031,20.98425197,20.49212598,15.16054272,62.3815268,30.86334654,55.17835602,81.352,418.563,3.188976378,112,114.4681896,0.559127761,41,46.40760414
52,The Waverlies,71.82928304,17.44649982,1.499214122,2.563172531,2.937976061,3.723854431,47.28260039,5.356063354,15.36694475,8.17313505,56.18425825,14.9195986,50.11627907,26.26756261,39098.01744,34.05620037,16.89065363,14.99694563,7.727550397,26.32864997,20.51435407,44.22403734,95000.00,21,105,55.15828678,0.521415,4.73,4.69273743,4.283054004,2685,51.47058824,0,4.465947153,1.117318436,0,3.149606299,32.68641471,51.62355531,1.862197393,308.7523277,105.77281,7.585394582,79.58209725,21.15310203,58.17103057,1.805752612,0.386946988,68.48961692,44.88585064,73.51992777,90.34267913,49.11,81.11111111,86.66666667,60,7.814336075,0.5,71.1,16.7,3,9.9,32.2,118.9,439.9,2081.6,403.7146911,1.160840965,0.515929318,11,62.39362665,7.514032229,30.09234112,10.74851075,14.99744941,59.92178201,25.08076858,174,4.597701149,163,1946,149,6334891.00,0.128982329,7.975460123,22.6993865,33.74233129,26.57299939,106,13.67212692,781,75.8416097,3.482522894,56.31379411,7.553222514,24.70107903,5.249343832,15.54389035,37.32866725,22.07640712,25.05103529,20.50235059,62.98106292,28.49725107,38.08796579,73.21,779.311,6.182560513,67,156.8519538,1.160840965,17,36.88894621
53,Upton/Druid Heights,91.63565132,4.221351616,1.860920666,1.194906954,0.450538688,0.636630754,16.46288418,7.806072478,22.68364349,11.42997062,47.27717924,10.80313418,82.96409473,31.248508,20467.69785,57.05418954,16.63881595,11.38696586,4.798281213,10.12174743,42.98245614,64.86312399,100000.00,43,57,29.35606061,0.94697,30.0189,10.08522727,5.113636364,2112,66.66666667,0,9.060877773,22.25378788,0.473484848,38.95899054,21.9600726,60.18112767,12.78409091,159.5643939,17.99242,13.70717,84.21968671,30.94179076,51.73080642,8.025526977,1.257010249,121.8333011,421.9686714,95.14600658,77.36916549,47.37,88.81578947,86.18421053,66.45,16.21112158,0.8,68.1,7.2,2.5,26,42.9,200.4,425.2,1196.4,315.9930381,3.867723845,0.193386192,22,49.90461049,7.106518283,42.98887122,12.46514222,22.61382799,60.50590219,16.88026981,313,10.86261981,209,3144,185,159091.00,0,3.827751196,16.74641148,23.44497608,38.98305085,129,12.4734094,762,64.6876813,3.577644556,52.22431078,6.171679198,31.61027569,9.680451128,12.84461153,45.64536341,21.45989975,20.05012531,15.51623726,60.51563619,34.92480306,59.22654571,86.5,301.682,0.313283208,26,99.03593339,0.290079288,5,25.43028428
54,Washington Village/Pigtown,57.65315565,33.74051453,2.535628355,3.424023691,0,2.646677772,55.95211275,7.421802702,9.957431057,9.069035721,64.79733481,8.754395706,70.96018735,19.251578,38851.68852,37.51127142,13.11992786,14.69792606,6.762849414,27.90802525,22.57425743,34.24209378,129900.00,33,175,40.05055977,0.650054,6.5367,2.600216685,5.922715782,2769,43.69747899,0,4.547094912,0.722282412,0,3.314917127,38.2746051,63.41666667,15.89021307,161.068978,40.44782,8.794137242,131.9280393,37.79756496,91.76812648,5.45157187,0.363438125,170.0890423,148.4644739,247.1379248,86,23.26,85.33333333,89.33333333,77.33,6.764960971,2.2,70.1,9.5,0,12.2,29,167.1,487.6,1155.6,319.2803925,4.724695621,1.090314374,64,64.88492947,9.700569166,25.31551596,13.00597213,18.84750881,51.33366885,29.81882235,332,17.77108434,295,8240,258,2155084.00,0.545157187,3.389830508,16.27118644,24.06779661,23.21911632,153,27.80301654,2136,208.7952026,6.360167182,57.88643533,7.373817035,20.07097792,12.81545741,22.08201893,28.86435331,28.27287066,20.7807571,12.48435627,58.92696123,36.88007214,30.748422,62.252,597.674,1.853312303,40,268.3333333,2.907504997,169,41.9771034
55,Westport/Mount Winans/Lakeland,66.2120089,21.70496664,3.706449222,0.90437361,0,7.472201631,55.57171633,8.747220163,23.18754633,7.442550037,54.23276501,6.389918458,68.42105263,42.00680272,36645.24051,35.79931973,16.45408163,15.47619048,10.6292517,21.64115646,21.82284981,40.18648019,55000.00,20,73,45.3358209,1.399254,6.9496,4.850746269,3.311567164,2144,74.44444444,0,5.223880597,2.332089552,0,8.053691275,45.44179523,50.36023055,,234.608209,55.03731,8.793723439,95.79997191,31.60556258,63.63253266,5.618766681,0.280938334,85.26478438,33.99353842,124.1747436,93.78698225,49.61832061,90.98360656,89.3442623,51.64,7.084309133,0.8,73.3,3.3,4.9,10.8,24.8,121.1,358.3,1568.6,181.3456946,0.983284169,0,0,60.08612874,11.08340888,28.83046238,15.57324841,25.99657618,62.97383223,11.02959159,254,11.41732283,169,2696,156,2641061.00,0,3.550295858,11.24260355,18.93491124,28.91156463,99,13.90644753,1093,77.11757269,9.973310858,60.65022422,17.67563528,18.83408072,2.466367713,20.47832586,37.9671151,18.7593423,22.79521674,20.99016994,65.13605442,30.44217687,27.5085034,45.774,336.283,0.373692078,156,90.05763689,0.280938334,115,36.24104509
BC,Baltimore City,62.25128913,27.57617022,2.551807369,2.051320112,0.611491523,4.957921639,55.91085382,6.579422907,14.37924737,10.43246488,55.81997948,12.78888538,52.46747348,25.70655279,46641,29.46023829,14.90130989,16.12862868,8.992414227,30.51740891,17.17064473,32.9,150000.00,29,9267,54.60516036,1.214403,8.1888,4.500664088,4.435720145,204792,41.28857418,0.856718245,5.219751999,2.978631978,0.522481347,13.47048301,34.20958375,49.79918088,11.66061174,228.1485605,48.89839447,8.273149241,67.01226003,20.08982851,45.82091307,3.517129095,0.479901314,75.39926018,90.27459051,90.80119363,87.30582196,23.33644486,86.64314516,87.60080645,63.38,6.904758352,1,72.9,9.3,2.5,11.9,27.2,124.4,391.7,1300.1,266.1197724,2.046827418,0.570084112,4219,62.52938022,7.094245847,30.2625145,10.18942311,15.82865945,53.74980893,30.42153162,15322,17.73267197,17648,,16141,1789396.00,0.183586409,6.131006346,25.06799637,34.04918404,24.64771405,12282,19.77901994,203593,66.05728862,4.121031756,60,9.1,18.2,6.6,15.94353601,38.23774753,25.0477072,20.77100926,27.64293518,65.11420362,27.0347928,28.96313873,56.188,500.4259527,2.3,2989,126.4249443,1.262559162,15477,30.61705969