objectid,nsa_name,temp_mean_am,temp_median_am,temp_min_am,temp_max_am,temp_mean_aft,temp_median_aft,temp_min_aft,temp_max_aft,temp_mean_pm,temp_median_pm,temp_min_pm,temp_max_pm,acres,07_lid_mean,15_lid_mean,lid_change_percent,lid_change_percent_point
1,abell,78.95461280036564,78.95633544921884,78.69087829589847,78.85204429626464,96.72758940255208,96.70151786804205,95.30000915527347,96.65233688354486,90.5946365201609,90.55180053710943,89.94855499267587,90.5299858093262,46.7104316,0.190577973233124,0.190605987480089,1.4699624772863192e-4,2.801424696499688e-5
2,allendale,77.85670920038277,77.84806642532348,76.82458267211918,77.5583904266357,94.55953352555505,94.7035511016846,92.75948257446285,93.68006134033202,89.08490208551294,89.32197465896603,87.17945442199701,87.62148933410643,260.02386379,0.189882059806971,0.187960224507232,-0.01012120524547031,-0.001921835299739022
3,arcadia,76.99381240940582,77.06920013427731,75.79639968872073,76.36680641174324,94.06509525077186,94.23600044250489,92.43947143554692,92.87462615966798,88.05368374010587,88.28405675888064,86.300623703003,86.80565147399906,144.6780746,0.255883003042915,0.260415878249133,0.01771463970765481,0.004532875206217979
4,arlington,78.22966943280966,78.36698074340822,77.16212043762201,77.623621749878,95.55424997397397,95.56810474395749,94.42461853027346,94.6528457641601,89.5751911576265,89.55265235900882,88.53641014099118,88.90259132385248,115.58468919,0.249873233536895,0.254838228514897,0.01987005533855593,0.004964994978002013
5,armistead gardens,77.97792581748308,77.86330051422128,75.66693954467775,76.98557701110849,95.01661723830557,95.20748367309571,90.02451858520514,93.91310195922861,89.41593101251084,89.6257732391357,85.2385581970214,88.83255691528322,302.58565324,0.381051143913864,0.404378943132553,0.061219601597527824,0.023327799218688994
6,ashburton,77.25717709523798,77.09610633850093,76.35835380554204,76.64485321044914,94.41620350473603,94.22545700073236,92.97966918945308,93.85186004638663,88.62448485913788,88.42464141845701,87.63621101379391,88.15050849914547,225.55523578,0.340053499143631,0.333860752407787,-0.018211095464211915,-0.006192746735843968
7,baltimore highlands,80.31907584037154,80.41913671493535,79.68216781616216,79.86695442199701,96.50154763862864,96.50006465911862,95.46356124877929,95.74429626464845,91.48237710674653,91.62223453521726,90.20332107543938,90.6185356140137,96.96706957,0.060994517673914,0.078566275964817,0.28808750295959873,0.017571758290902996
9,barclay,79.80061509086016,79.72906398773199,79.3888534545899,79.63283576965334,97.64480366127333,97.5658826828003,96.40996475219727,97.31186676025395,91.19217277356668,91.21400833129888,90.60818099975583,90.83825531005856,89.95306758,0.128408414018464,0.12542243891384,-0.023253734013058122,-0.0029859751046240057
10,barre circle,79.50253260726913,79.51474304199212,79.29375648498535,79.40193061828623,95.66386279979962,95.66311073303228,95.06794357299813,95.30579757690428,91.05480524021877,91.2344429016113,89.75527801513664,90.35545425415035,15.32702623,0.228124438320053,0.263138817326703,0.15348806670824855,0.035014379006650026
123,bayview,80.12599746983611,80.23160438537593,79.40076675415034,79.99662055969239,94.86672123146212,95.01232528686523,92.80690231323236,93.85054855346678,89.57623174813949,89.46678562164303,88.79046211242681,89.35099487304691,59.78610724,0.044553197044865,0.048324680909887,0.0846512509803532,0.0037714838650219976
11,beechfield,77.51167915959746,77.5250572204589,75.75916976928715,76.64610633850094,93.53232399368284,93.67000885009762,89.30380859375,91.91045913696284,87.21115418194263,87.41798648834234,83.29432830810549,85.45328598022466,257.89012067,0.433486150126855,0.418819049409576,-0.03383522336985123,-0.014667100717279002
275,belair-edison,79.10821645663766,79.11019897460942,76.08488006591799,77.35230751037594,95.37994186441668,95.33401870727533,91.97525100708015,94.6021781921387,89.76258684079085,89.70909423828115,87.87383499145514,88.51345901489265,527.96850716,0.128915748984731,0.138224679287806,0.07220941100204575,0.009308930303075003
12,belair-parkside,76.64971372784464,76.50002937316893,75.96494026184084,76.57594833374024,93.71351477322943,93.58231391906739,91.53180160522467,93.38355407714846,87.95476651911481,87.88912658691405,86.75082283020026,87.98499259948724,20.61651843,0.333678159895594,0.329358733948305,-0.012944886619611354,-0.004319425947289013
13,bellona-gittings,75.01387041474538,75.03630714416498,74.20318298339846,74.61630325317381,93.46128897884125,93.44391365051277,91.98518676757809,92.96770095825187,87.58954116718479,87.75663833618168,85.16699600219727,86.9241561889649,104.03781371,0.535458943593987,0.534088208522962,-0.002559925625342424,-0.001370735071025031
270,belvedere,76.54005583437103,76.49340152740484,75.68144493103023,75.98117599487313,93.81906083487303,93.90381507873536,91.75472106933597,93.21472854614265,87.92046828859527,87.89480342864996,87.02664146423348,87.44120712280275,66.33053398,0.413906767908236,0.422088950125756,0.01976817692271703,0.008182182217519984
14,berea,79.78612433115774,79.885009765625,78.24987335205086,78.94673614501951,95.77299723131412,95.34554748535155,94.13924865722655,94.68163681030273,90.11370841532971,89.74477920532226,89.0661811828613,89.31435203552252,217.61489913,0.055451797855338,0.059707363901533,0.07674351798830531,0.0042555660461950015
15,better waverly,78.9592054077825,78.8005536079406,77.7077014923095,78.22619438171378,95.92276894885094,95.85583839416498,94.45991897583013,94.76759109497073,89.95665005847646,89.88711395263664,89.00461311340334,89.5546710968018,180.33783774,0.198993586756997,0.209941926926201,0.05501855787228806,0.010948340169204013
16,beverly hills,77.4064767663016,77.29253330230705,75.89787902832038,77.14640655517586,94.01952673452215,93.95756912231437,92.66861877441403,93.82339172363288,88.01026268532078,87.7524360656738,86.89544067382809,87.5848876953125,66.66386861,0.319274996590764,0.306999679049656,-0.038447475286773204,-0.012275317541108
17,biddle street,80.33865929754444,80.30173835754391,79.60586090087894,79.99633560180668,97.90606895024926,98.02791099548348,94.31948623657226,97.16557693481438,91.7759046288196,91.84113540649417,89.81101303100581,90.5377792358399,72.22397943,0.120353582871383,0.126769821492143,0.0533115713523608,0.006416238620760004
18,blythewood,75.04032089460992,74.91071281433108,74.6358451843262,74.92503967285154,93.16699042761968,93.12754516601558,87.31208000183108,93.19360733032227,86.91553306455577,86.91610355377196,83.91193847656251,87.29629402160643,48.57094371,0.474299450828625,0.496792364632021,0.04742344475436291,0.022492913803395964
19,bolton hill,79.67417858786018,79.68056879043581,79.11903953552252,79.16024513244632,96.01908177907492,96.06408081054693,94.39300537109384,95.43742752075187,90.18808050579358,90.17219543457028,89.3071044921875,89.45784034728999,145.74321,0.251602361907678,0.257111138098701,0.02189477137358668,0.005508776191023024
20,boyd-booth,78.87943329579079,78.8910509109497,78.60793495178228,78.89949150085454,95.64334674377757,95.59063873291011,95.18531875610361,95.5837997436524,90.30626279829573,90.07342834472654,89.7917045593262,90.06943206787105,24.7886201,0.175814192123966,0.188701052619881,0.07329818110945499,0.012886860495914976
21,brewers hill,80.5190050205417,80.50208950042727,80.2132160186768,80.34564247131344,96.38231258305413,96.3861982345581,95.00500564575188,95.7667152404786,91.07177980842692,91.03696880340578,90.35794677734384,90.69338684082038,57.05972687,0.033337933315282,0.043123020281092,0.29351210446283266,0.00978508696581
22,bridgeview/greenlawn,78.37787480128972,78.43858585357657,77.10388946533202,78.3081626892089,95.34901319154284,95.45711364746097,92.6257377624512,94.69585723876952,89.77785886750387,89.72453689575187,87.90457954406739,89.27829284667962,181.31330812,0.205883872313939,0.192988449221803,-0.0626344499314284,-0.01289542309213601
23,broadway east,80.18252959961127,80.16660394668581,79.2640522003174,79.71361961364752,97.39701312887826,97.58067989349371,94.96426696777345,95.30160903930668,91.53769329285555,91.42339057922364,89.65073623657227,90.02128448486336,221.65754637,0.090335384448718,0.106239857356461,0.17606027809370461,0.01590447290774301
24,broening manor,80.07199464817798,80.10103445053096,79.37777099609384,79.71197166442869,95.1363208788824,95.16242256164554,93.55874481201164,94.51212463378903,89.66684858428167,89.76664371490476,88.79604110717774,88.98526344299324,104.05520126,0.121756352275603,0.115485430542328,-0.05150385680970778,-0.006270921733274995
25,brooklyn,78.04385436130013,78.08148727416986,75.6638427734375,76.31649246215822,95.19177963011231,95.1767631530762,91.75303878784179,94.14038848876952,88.60369759336372,88.6372234344482,84.06447677612312,86.43199958801276,546.12130522,0.222596484254491,0.239696377789483,0.07682014202633122,0.017099893534992
26,burleith-leighton,77.81682609283433,77.66987762451164,76.94628715515128,77.66337165832526,95.063307779719,95.09254608154299,93.1659423828125,95.06828689575187,88.88708713074428,88.911893653869555,87.90213851928716,88.41241912841798,54.09849036,0.300135749467335,0.301951966160658,0.006051317434015497,0.0018162166933229917
27,butcher's hill,80.27298964002654,80.32952690124512,79.22618713378904,79.71776695251464,97.69263428089347,97.5793048858643,95.52254409790035,96.68048934936523,91.6773677761181,91.42155380249024,89.80882263183597,91.38090438842774,49.69167267,0.149909705472139,0.162476560150385,0.08382949348520718,0.012566854678246003
28,callaway-garrison,77.12735512636277,77.20826301574701,76.36508636474606,76.69470710754392,93.82630274906501,93.79323768615728,93.00251388549813,93.75710983276369,88.17383719239433,88.14840564727778,86.63239364624025,87.9954914093018,121.79471763,0.320935910869294,0.318795629415214,-0.006668874942298618,-0.0021402814540800175
29,cameron village,77.45828889250626,77.5101999282837,76.74375762939452,77.1931774139405,93.96928229519878,94.02235069274897,93.48601531982413,93.75402679443356,88.69288339424676,88.73613128662114,88.01195716857902,88.52548904418938,66.45875364,0.212190141025083,0.206822165249369,-0.02529795093109176,-0.00536797577571399
30,canton,80.08639403087338,80.08371124267586,78.98904724121095,79.4533638000488,95.54774057851164,95.64855728149418,92.373828125,93.8793052673339,90.38399857466025,90.31737289428716,87.76851043701164,89.48352775573724,365.10151151,0.055709051298221,0.076561354146212,0.37430726896361444,0.020852302847991
31,canton industrial area,80.34375223892141,80.47037334442136,76.76532173156738,78.03971519470214,94.862913093029,94.79796314239499,90.98232040405273,93.62794494628903,89.82897323013364,89.7321071624755,85.22895889282226,88.12260322570796,1592.61400747,0.023019356067017,0.024987463291325,0.08549792698710532,0.0019681072243079994
273,care,80.28855927463934,80.1351916313171,79.76474723815916,79.91840133666986,97.68246461384808,97.12047290801999,95.88733825683596,96.33382949829111,91.67062909720818,91.29978065490728,90.47534942626952,90.88231735229486,54.23404076,0.086367305610808,0.074919985590845,-0.13254228482647584,-0.011447320019963
32,carroll - camden industrial area,79.9179940699338,80.0372287750244,78.36636276245119,78.95817909240728,95.51767615523303,95.44136886596678,93.34351577758784,94.96588058471679,90.05505822067919,89.97582511901858,88.60701103210454,89.58533668518075,449.92938143,0.117476080660058,0.120123206323753,0.02253331613398835,0.002647125663695002
33,carroll park,79.19949732538076,79.44069004058841,76.89460334777834,78.89261131286618,95.22232938938942,94.98514442443843,92.62973403930668,95.0950523376464,90.24375073486435,90.43410263061523,88.20520324707039,89.63389968872072,220.13606683,0.21039290201159,0.229407858916228,0.0903783194339442,0.019014956904638003
34,carroll-south hilton,78.0292768105415,78.08045730590823,76.50050659179692,76.88087043762201,94.69509180072293,94.89283008575441,88.78277168273931,92.72957229614263,89.30915448420359,89.33157482147213,86.16781959533691,87.72853393554692,310.4618514,0.444107472555799,0.455658368378566,0.026009235458914017,0.011550895822766971
35,carrollton ridge,79.10139606091221,79.11796493530275,77.75423545837407,78.72708854675301,96.06613500859656,96.11098213195795,94.3921470642089,95.1543785095214,90.7761408875784,90.76404781341554,89.17058563232413,89.76108016967774,142.63984656,0.095636748668245,0.108611573953591,0.1356677790286919,0.012974825285346006
36,cedarcroft,75.3065336672837,75.18560276031494,74.74398841857902,75.19044189453116,93.18356094454157,93.21828880310059,91.36743927001952,92.90344467163082,86.89844688846333,86.98971366882321,84.58664665222166,86.1538223266601,85.5777501,0.558636642499578,0.573652213358185,0.026878958013604137,0.015015570858606941
37,cedmont,76.38596428333547,76.21788845062255,73.60731201171885,74.4920547485351,94.42299990704348,94.22031059265129,93.36427307128903,94.05746917724605,87.78414555624414,87.57019004821781,86.19029006958014,87.14001693725582,240.63083384,0.292403718598862,0.299691325193274,0.024923098205907646,0.007287606594412022
38,cedonia,77.29189602131959,77.20877113342286,75.68214874267585,76.49822006225583,94.76274969090443,94.95656280517585,88.61071548461918,94.2260337829589,88.75194016648577,88.65202407836918,85.63881072998049,88.0887859344482,180.60929626,0.308900166193719,0.281352556300903,-0.0891796538417536,-0.027547609892816016
39,central forest park,76.30262188388106,76.15673751831062,75.50197296142585,75.85741500854486,93.62156594416894,93.66987152099605,91.7540962219238,93.3754310607911,87.25592387430527,87.31979103088382,86.01804161071772,86.62299346923837,95.57613308,0.344882085323038,0.323726306995857,-0.06134206219312652,-0.021155778327180963
40,central park heights,77.89385373151657,77.86915931701651,76.80711784362799,77.19417648315428,95.20317462147752,95.25233192443844,93.34514312744145,94.5248481750488,89.3287430400621,89.36044139862068,88.24955711364751,88.77106437683108,283.42010553,0.263846454167261,0.251145575485025,-0.048137386277643544,-0.012700878682236016
41,charles north,79.83592803344018,79.82184267044069,79.24134826660153,79.64149436950676,97.4060165819327,97.43235759735107,95.09423522949213,96.49955825805668,90.82377076604263,90.80311794281006,89.87176742553717,90.28292388916012,88.8304786,0.07344222775619,0.068817522760423,-0.06297065240340854,-0.004624704995767004
277,charles village,79.08987023032415,79.12516441345214,77.07515678405761,77.77246246337893,96.70427330121014,96.91805324554448,94.6255722045899,96.09026260375977,90.60821905476263,90.7587348937988,88.31132431030275,89.0158638000488,168.54453992,0.176003056467002,0.173759468033087,-0.012747440180595078,-0.002243588433915006
42,cherry hill,78.0290676694217,78.27129497528068,74.25978660583502,75.86931114196773,95.2766916016292,95.25959148406983,92.15349731445308,94.57489776611337,89.07498542621931,89.05529613494866,83.88357658386224,88.22535629272465,749.5690228,0.191683792629283,0.201110182576411,0.04917677085698455,0.009426389947127994
43,cheswolde,75.41942723748629,75.36329288482658,74.03699760437013,74.85427398681644,93.38274306503739,93.38643798828116,87.1819744110107,92.89309692382807,87.30897232560284,87.49435348510735,83.77899703979486,86.53994712829598,547.37595404,0.547051743593671,0.550084370344417,0.005543583008847006,0.0030326267507460036
44,chinquapin park,76.76112555770528,77.0089710235595,75.50510749816891,75.87108268737799,94.16749984075805,94.07945556640615,92.4613685607911,93.75925903320308,88.4242995218078,88.45085411071773,87.10570526123048,87.76881942749024,73.42640449,0.378831876712132,0.375185477683588,-0.009625375404495871,-0.0036463990285439674
46,clifton park,78.55839918560349,78.50598182678229,76.8019233703613,77.97401695251465,95.43469622763712,95.28856964111336,91.97431716918938,95.10471343994145,89.82465253686178,89.78242111206063,87.86636085510249,89.51705665588382,358.58420129,0.203990827893554,0.209572081682375,0.027360317355706862,0.005581253788821017
47,coldspring,75.72949869894754,75.73154602050789,74.58093070983878,75.53434829711918,93.49750916961567,93.61203536987313,87.17809486389152,93.14419631958015,87.04483486410965,87.15318851470946,83.134089279174745,85.67639083862312,415.9194403,0.667326253947174,0.671870230756196,0.0068092282929747725,0.004543976809021966
48,coldstream homestead montebello,79.12945328445153,78.84144334793093,77.40765113830574,77.55623435974118,95.91751263419175,95.73006553649907,94.20163726806645,94.75464782714846,90.1108071043255,89.85980091094979,88.21841087341309,88.72354507446283,329.43121835,0.149513848930978,0.159668015059614,0.06791455240593539,0.01015416612863601
49,concerned citizens of forest park,76.12839695618837,76.20565071105949,75.49882469177251,76.05602035522466,93.53342048225413,93.51604919433586,92.3465957641601,93.47488479614265,87.5064824422301,87.48252601623537,86.63130187988288,87.27131729125976,51.12773142,0.332271423305176,0.313771289275517,-0.05567777645647088,-0.018500134029659
50,coppin heights/ash-co-east,78.2286190808853,78.37633113861092,76.62509155273442,77.54100112915035,95.08795491883521,95.47961502075188,92.15287933349606,93.8439155578613,89.61564273787567,89.61994705200188,85.49721755981437,88.35768661499024,122.85544583,0.260851114719606,0.225867362288076,-0.13411386978021816,-0.034983752431529985
51,cross country,75.94384791682539,75.80877647399906,74.9477676391601,75.17941436767586,93.66697917368086,93.67185935974118,91.31501388549813,93.18514785766611,87.76143143919077,87.74444007873535,84.3042156219482,87.41841049194332,379.13831704,0.450784349165031,0.441510636964485,-0.02057239169399586,-0.009273712200546014
52,cross keys,76.05581945726392,75.87337608337398,75.14844665527346,75.58548278808595,94.17551916078264,94.21963081359863,89.9402671813964,93.21267547607414,87.34707354691632,87.22562618255611,84.31901626586918,86.7457656860351,178.05381992,0.375059598697377,0.393123322436882,0.04816227554831893,0.01806372373950499
53,curtis bay,78.26412457613596,78.33110523223874,75.03827095031738,76.6505832672119,95.1202834488522,95.1285263061524,90.37978210449212,94.22094573974606,88.77318765425855,88.58029365539547,84.28997459411619,86.5737197875976,327.1102533,0.248503397865835,0.279693217967591,0.1255106383639677,0.031189820101756
54,curtis bay industrial area,79.28730671522368,79.06415596008296,77.85309181213381,78.63938674926764,95.4385259730201,95.6427379608155,92.85421905517586,94.8943252563476,89.03329061195154,88.55491867065427,85.55733680725095,88.01535949707039,268.01898637,0.052108052548742,0.053775479394854,0.03199940824025777,0.0016674268461119995
55,cylburn,77.1738576942408,77.18671264648442,75.91559448242192,76.39932937622072,94.56197431901656,94.68359375,92.7253013610839,93.97966537475583,88.79882705156359,88.94113273620607,87.10110816955574,87.91130523681645,141.40202872,0.373396257017099,0.357214535981397,-0.04333659144033939,-0.01618172103570198
56,darley park,80.10282429237887,80.04227561950677,79.01811637878416,80.04404029846191,96.69759055623992,96.6690292358399,95.98536376953116,96.75114517211918,91.35168614970436,91.3339000701905,90.3232505798339,91.32523803710943,33.25761379,0.13734279752245,0.108857732750093,-0.20740122733921182,-0.02848506477235699
57,dickeyville,74.42789158354341,74.32872409820561,73.45536079406739,74.01725654602046,91.0079205785562,90.37359371185295,87.12072906494143,90.67477874755855,85.03852263218738,84.46120510101315,82.85451812744144,84.15327720642098,136.40209014,0.676306691400387,0.697509595761203,0.031351019634172764,0.021202904360815955
58,dolfield,77.57505598299818,77.5575956344604,75.93834304809573,76.79481658935549,95.26572959067309,95.37691173553463,93.67896957397465,94.816748046875,88.887476729247,89.31662483215334,86.6670246124268,87.3358207702637,108.83703698,0.256109591606909,0.242903791162399,-0.051563084231452706,-0.013205800444510002
59,dorchester,76.85310964080733,76.82368917465212,76.13436317443845,76.60951499938965,94.06220001026641,94.01395645141602,93.37833557128903,93.67349014282226,88.31919391316893,88.26807937622073,86.52417831420891,88.0798286437988,121.96874175,0.271392358175424,0.26715442882063,-0.0156155073167339,-0.004237929354794001
60,downtown,80.52284708904169,80.47454643249512,79.27351417541499,79.48838615417475,96.25970030772997,95.95324420928952,93.26668701171884,94.90031967163083,91.2630154204767,91.4031602859497,88.81039543151857,89.66319885253904,260.70373755,0.02849717618002,0.036254932086724,0.27222893446344804,0.007757755906703998
274,downtown west,80.28670041884492,80.14766368865972,79.21216926574701,79.86213760375976,95.58279347665967,95.53761596679692,93.55509872436524,94.95252532958989,89.9760090343866,90.04920692443844,88.75308113098143,89.24612693786618,70.20647827,0.054415228887171,0.052759673375214,-0.03042448861861383,-0.0016555555119570006
61,druid heights,79.16236621307601,79.16898441314696,78.71126136779786,78.82529602050789,96.0152848991741,96.03234405517577,95.38763885498048,95.75191116333013,90.30768727359353,90.31451988220213,89.58341064453117,90.01684875488289,57.92978096,0.148499309653908,0.1369627625257,-0.07768754720203781,-0.011536547128208008
62,druid hill park,77.17216284926965,77.12292327880857,75.10049133300788,75.7977077484131,94.53730174465349,94.29397048950187,87.76366958618168,92.12747344970703,88.71742565704213,88.62366218566892,83.56669998168938,86.16318817138665,623.81670303,0.536955482680431,0.526136897580518,-0.0201480112390467,-0.01081858509991307
63,dunbar-broadway,80.35229973473159,80.39732627868656,79.96935043334966,80.17011871337894,98.34404589112107,98.67471389770515,95.17035675048837,96.01225967407227,92.4963217361742,92.63633270263665,90.38774032592774,90.85138397216798,109.80170463,0.091339500632348,0.101048532825532,0.1062960945261128,0.009709032193184003
64,dundalk marine terminal,80.31713437296759,80.45025634765616,77.78595161437988,79.58363761901859,94.38101960299149,94.37748718261713,92.89918746948236,93.53789138793937,89.65482101664328,89.68215713500976,87.78225364685059,89.06843681335454,273.97545697,0,0,NA,0
65,east arlington,77.51558279852122,77.456449317932055,76.89714736938475,76.98798713684084,94.74190461412147,94.64389877319331,92.46526184082038,93.16653289794914,89.19990957033403,89.24335975646977,87.51385421752929,87.52173347473142,82.78270442,0.284270072972459,0.266296507671343,-0.0632270752709777,-0.01797356530111599
66,east baltimore midway,80.00586810291247,80.0015300750733,79.55514183044426,79.78899269103998,97.0117306939413,97.17652206420898,94.99546127319331,95.56054992675789,90.95271711086039,90.95565967559817,89.47134323120119,90.00447540283201,191.88436911,0.088490661590184,0.09559704364744,0.08030657619181242,0.007106382057256
67,easterwood,78.2163312430535,78.2331192016601,77.26209259033202,78.09524078369144,95.65396602165794,95.76534881591797,93.58531112670889,95.36605758666985,90.30206675138365,90.66953964233389,87.91954841613776,89.55673446655274,49.43469426,0.111995768504896,0.103929829254157,-0.07202003574256811,-0.008065939250738993
68,eastwood,80.49123521159477,80.48486242294314,80.16051254272466,80.52074050903323,95.55586652316234,95.27943553924558,94.6578720092774,95.46941146850583,90.78254145774027,90.93789272308352,89.5787895202637,91.05714416503903,17.95191684,0.012928454877007,0.011817195995887,-0.08595450049459136,-0.0011112588811200003
268,edgewood,77.29006453194617,77.35505580902102,75.43503875732415,76.22092857360849,94.78956972053476,94.88401870727535,92.85244064331062,94.15783615112312,89.39042251358677,89.28327274322504,87.0471138000488,88.24426994323724,66.46189977,0.179764483842978,0.176232294147881,-0.019648985269984265,-0.003532189695096999
69,edmondson village,77.15285252167757,77.54292373657226,74.37897796630855,75.42318725585942,94.8197387377368,94.98320465087895,90.72802124023443,93.67490463256831,88.97966861606601,89.27623805999755,84.40511131286618,87.82442054748536,118.93114266,0.160100636428511,0.146565600431917,-0.08454080070217422,-0.013535035996594003
70,ednor gardens-lakeside,77.4998021431017,77.50968666076652,76.61475067138664,76.7431396484375,95.0477787807221,94.98586196899419,93.7186851501464,94.1313041687012,88.84376477790212,88.7128797531128,87.7604354858399,88.21628570556643,326.84210314,0.214356926551266,0.213397392196199,-0.004476339395720583,-9.595343550670155e-4
71,ellwood park/monument,80.34739351012826,80.31404476165766,79.61174545288083,79.91212882995609,98.33038349515328,98.32758026123048,96.49716186523443,97.85456390380855,91.89730546973516,91.89264411926277,90.85473480224606,91.59059219360361,89.24435216,0.054291941598201,0.064486970103792,0.18778161556721365,0.010195028505590994
72,evergreen,75.00663737266704,74.98905048370364,74.61246147155762,74.93356437683107,93.36781337680434,93.74711227416987,87.39763259887688,93.73575515747072,87.12038644723059,87.51387825012199,83.80660362243657,87.55189437866215,36.83499499,0.638090240296762,0.666100556180181,0.04389710751631631,0.028010315883419068
73,evergreen lawn,78.04119526692978,78.04968872070317,77.81078758239752,78.06306114196772,95.78489780424788,95.78525295257575,95.21935577392586,95.74939117431644,90.66028874306105,90.765041732788,88.8651313781738,90.44260330200188,34.17785144,0.130380229771411,0.125190088018141,-0.039807735899603965,-0.005190141753270011
269,evesham park,75.61674994234512,75.62816123962406,75.09240264892586,75.50743522644049,93.98912855574652,93.98207893371585,93.02559890747071,93.74672775268562,87.76184235553177,87.74561424255367,86.93891563415522,87.51262512207038,46.99480772,0.512830558658972,0.534551327364026,0.04235466927293259,0.021720768705054017
74,fairfield area,79.52507941840622,79.51974525451652,76.8606796264649,78.15893058776858,95.35653676835467,95.36757507324212,88.96854362487801,94.6188774108887,89.39145257594392,89.41200847625731,83.47106742858878,88.2349933624268,1538.74552709,0.068310870224484,0.056863551933885,-0.1675768183450259,-0.011447318290598994
75,fairmont,74.96027383805067,74.75244102478023,74.02044944763176,74.75367698669426,91.07775725289741,90.99323806762698,87.31431159973141,90.81429824829111,85.15178962326448,84.96623888015748,82.52173881530763,84.77561149597166,106.02293253,0.641405153320141,0.649002683429966,0.011845134187802336,0.0075975301098250014
76,fallstaff,76.70599796508665,76.6877822875976,75.66173477172859,75.92554397583015,94.66989744265338,94.67079467773442,93.65153121948237,94.40598297119145,88.53707227966154,88.46816444396978,87.4968803405762,88.03678970336918,189.14299209,0.243647144129904,0.239917707413119,-0.01530671221328411,-0.003729436716784995
77,federal hill,80.47878065416248,80.46992702484121,79.84129447937012,79.94659500122071,95.26187527819972,95.26764755249025,93.4101890563964,94.78793640136712,90.49655382809328,90.39751472473142,89.54415168762199,89.93798751831062,95.30517579,0.098391472186666,0.117496142356325,0.19416997982725645,0.019104670169659
78,fells point,80.42862759221597,80.42739448547363,79.4867347717286,79.8490776062012,94.90664239999032,95.12015438079834,91.80206527709967,94.17925262451163,90.01337828318046,89.98850402832028,87.65020484924324,89.64560012817381,184.35755108,0.060958982832319,0.070999436780231,0.1647083576760207,0.010040453947912004
79,forest park,76.55501423335377,76.4123207092286,75.8470947265625,76.28451194763176,93.83715916949143,93.89210433959965,91.55309448242193,93.18510665893562,87.69939346020246,87.57168693542474,86.7105064392089,87.32079696655273,99.25092614,0.313813919739944,0.310080953034102,-0.011895478406233511,-0.003732966705842
80,forest park golf course,76.38360500299132,76.48692131042475,75.04296760559083,76.25993690490728,93.5613578762519,93.52821655273442,91.97264862060548,93.6808647155762,87.53076167543296,87.77960662841798,86.3314643859863,87.53431282043451,65.92456877,0.249608414917912,0.246548166183903,-0.012260198579504713,-0.003060248734009008
276,four by four,78.99722000832412,78.97847461700441,78.22439537048348,78.75001564025882,95.56644102732591,95.53833179473875,95.00476531982414,95.32487945556645,89.78380342081739,89.87530708312988,89.10876693725582,89.54565887451164,45.31841749,0.300616654483523,0.29482497559572,-0.019265994752530952,-0.005791678887802965
81,frankford,77.2559000050359,77.25403308868412,74.73501739501953,75.4841064453125,94.7019710803103,94.68112182617193,90.39366607666011,93.62028884887687,88.5997887325766,88.52046279907226,85.55954437255856,87.19918518066405,1359.88044741,0.311085711951244,0.31921702573906,0.026138499697763093,0.008131313787816008
82,franklin square,78.76435380153043,78.76410217285154,77.68970108032227,78.36508560180668,95.35245166959905,95.41552352905273,93.01690597534179,94.02673492431644,90.61037421691562,90.80630912780762,88.55962905883784,89.19475555419913,110.15357466,0.141905939706779,0.160846877758799,0.13347530125347642,0.01894093805201999
83,franklintown,74.9576582887332,75.04369544982912,73.70740432739265,73.93904762268073,92.41647686846318,93.03563766479495,87.19261398315427,89.87789230346678,85.91259909890528,86.36031723022467,81.55269660949699,82.0428276062012,381.02612134,0.729562937894009,0.745233327876682,0.021479147539906422,0.015670389982673005
84,franklintown road,76.9399140400296,76.93259630203247,76.02920684814453,76.43445816040034,94.32757400496678,94.29451980590812,92.08379592895514,94.31925277709966,89.32877585468353,89.37287654876708,87.68244285583502,89.03384704589845,78.65419945,0.373634876413939,0.364224911015409,-0.025184922480590344,-0.009409965398530007
85,garwyn oaks,76.16176801974842,76.19791564941403,75.21625289916986,75.71407432556157,93.2700387977155,93.35516815185548,91.32574615478511,92.94241867065429,87.56280798711174,87.60025997161861,86.5676429748536,87.10415000915523,84.06818527,0.3499164123903,0.341879331277277,-0.022968574289274554,-0.008037081113023037
86,gay street,79.9164220499973,79.91951713562011,79.68869438171379,79.82652130126952,96.69169190438714,96.8435573577881,95.12730407714847,96.09942932128904,90.8618943179302,90.89863204956063,90.03751678466799,90.39370727539057,70.13748312,0.185297477407297,0.180298770289246,-0.026976660384120957,-0.004998707118050977
87,glen,76.71930479973969,76.62709054946895,74.70027313232414,75.62895088195796,94.26163446506774,94.29323234558099,92.14341735839847,93.28786315917962,88.34234458068718,88.317578792572,85.86743621826164,87.21279792785643,478.2346183,0.353713972760348,0.342051672551788,-0.032970990988986405,-0.011662300208560017
88,glen oaks,76.86830256543311,76.80033721923827,75.65991172790523,75.86427803039547,93.86675708771189,93.75719738006597,91.96523284912107,93.61341552734385,88.32527966048642,88.18822507858269,87.14895362853999,87.62738075256344,172.32365102,0.356591382083625,0.349834447099674,-0.018948677179098067,-0.006756934983951024
89,glenham-belhar,77.47401903486684,77.479920578003,75.54787864685059,75.8303062438964,94.17337096664968,93.91177673339845,92.58979187011712,93.56940155029298,88.46680815559989,88.31065483093262,86.94400367736824,87.57922973632807,479.64119598,0.366281624563919,0.370812234575888,0.012369198201965494,0.004530610011969027
90,graceland park,80.10519294557949,80.16084384918216,79.31230964660642,79.43875541687012,95.04567063374061,95.08136749267577,93.60529937744144,94.19643249511712,89.36735004097312,89.33890647888185,88.46204643249513,89.08146247863776,200.02393823,0.1597642603007,0.156909445655916,-0.017868919115018783,-0.002854814644784015
91,greektown,80.623514043028507,80.57210845947269,79.49630661010735,79.87838706970214,96.09362813702315,96.18989658355706,93.5976020812988,94.56490020751951,90.77465545604717,90.9134979248046,89.00475730896002,89.23093833923349,143.64406819,0.070530018348688,0.069390037561991,-0.01616305813307936,-0.001139980786696998
92,greenmount cemetery,79.45138453432995,79.4422744750976,78.98687744140616,79.37311897277834,95.77039159726753,95.70133972167963,94.88670349121097,95.40810775756833,89.63686545171502,89.30295543670647,88.39640655517586,89.00836906433108,68.4133596,0.242920214263495,0.222687796826181,-0.08328832369367144,-0.020232417437313993
93,greenmount west,80.10026206693198,80.0499076843262,79.78678512573237,79.95756759643561,97.35832229759107,97.22688064575188,96.93401260375977,97.18630676269538,91.18923839363731,91.19579505920402,90.5526313781738,90.81639938354486,64.08180302,0.116156441504602,0.112539953327778,-0.031134632999933277,-0.003616488176824001
94,greenspring,76.95091267473629,77.03945550918581,75.60659027099607,76.14370841979974,94.53220774971061,94.51853446960445,93.34394836425787,94.0093559265137,88.6869027905708,88.73166894912725,87.29910926818843,87.86598663330085,111.26777944,0.26631939007072,0.256226870320292,-0.037896300933056126,-0.010092519750427964
95,grove park,76.06618709713888,76.17536277771002,74.95749053955086,75.57757263183596,93.4876904117632,93.49913368225094,87.67112693786618,93.20891265869145,87.77056456645467,87.74900798797616,83.34546279907227,87.69521446228023,219.71391841,0.554108684102054,0.555108395201429,0.0018041787253252788,9.997110993749114e-4
96,guilford,76.19496839766623,76.17652578353885,74.64780311584478,75.04105529785153,93.68161813289822,93.67404632568358,88.24582862853998,93.3509658813476,87.62570379983025,87.67870750427252,83.60567054748536,86.57969703674324,353.74396018,0.558903825644012,0.567892075328387,0.016081925497679513,0.00898824968437506
97,gwynns falls,78.19357566018253,78.1189643859863,77.32878303527835,78.11738510131832,94.98300691647526,94.9193981170655,92.84078140258785,94.8465141296387,89.34361198044337,89.22188920974736,87.74785957336431,89.01417121887201,114.39841901,0.309130161166292,0.31275174707857,0.01171540783537403,0.0036215859122780136
98,gwynns falls/leakin park,75.11205513246135,74.84511070251465,73.58107872009273,73.99805107116704,90.74510575474059,89.32429466247561,87.03641586303716,89.10212020874025,84.65663948186823,83.62916755676275,81.18251571655274,82.96722068786619,477.04341841,0.853920144184432,0.863124404116024,0.010778829840561832,0.009204259931592018
101,hamilton hills,77.33722608107641,77.39159049987799,75.98132019042961,76.45056343078622,93.95792153893177,93.85159912109384,91.39818725585943,92.98105621337895,88.2718605533876,88.30414886474605,86.0359458923339,87.04153480529786,730.83457358,0.289125808427825,0.292351022816236,0.011155055323316522,0.003225214388411002
99,hampden,77.69923337999519,77.61544895172119,75.32729721069333,76.58917312622071,95.43894467834227,95.49971141815183,91.89842224121097,93.75153427124025,89.63495313738086,89.86410102844238,87.2835258483887,88.1465225219726,393.24916759,0.214266945967266,0.222898796264854,0.04028549648020237,0.008631850297588006
100,hanlon-longwood,77.2323040330923,77.220255279541007,76.18845710754391,76.39883155822749,94.46347101508914,94.57217693328857,90.81580886840823,92.56242218017586,88.5450629875265,88.67123641967765,86.7405815124512,87.60613937377929,278.51625296,0.306409426868983,0.308384842562683,0.006446980805667857,0.0019754156937000222
102,harlem park,78.50961093719178,78.51913623809816,77.6540367126464,78.20559158325187,95.24779951096727,95.25427684783932,93.58235855102535,94.9185844421387,91.30742767097632,91.41118202209478,89.21190109252927,89.67462463378904,199.79135533,0.170731382222373,0.184312939185249,0.07954927082583087,0.013581556962875996
103,harwood,79.67009271863168,79.73947095870966,79.20339050292961,79.45808448791499,97.00988167835332,96.97936553955077,96.32427139282227,96.97639236450188,90.84730931388191,90.81446647644051,90.3076087951661,90.82599868774417,45.39598585,0.201297072483938,0.205487474309388,0.0208170033162522,0.004190401825449996
104,hawkins point,78.35949287558773,78.40801811218262,75.10422668457039,76.51360435485847,95.1633713334653,95.11295661926276,89.98766632080086,94.4266304016113,88.61140278950083,88.60055656433107,83.86507492065428,87.46626968383785,1257.2486021,0.204909410079713,0.209148408468714,0.020687182630372877,0.004238998389000992
105,heritage crossing,79.42412767588374,79.02885894775395,78.51253929138176,79.09076004028321,95.77543861295231,95.51371383666987,94.6956649780274,95.52473449707037,91.24072942483846,91.7778404235839,89.110009765625,91.04499053955087,54.5160405,0.082339193599326,0.129056532266554,0.5673766844810394,0.046717338667228006
106,herring run park,76.49760137173628,76.48880014419558,75.1430255889893,77.35914649963382,92.73786475918752,93.2701631546021,87.39584732055668,95.11504058837895,86.75379762655709,86.87120294570917,83.39853363037106,87.51801185607903,154.10730513,0.590878661112798,0.60416781495022,0.0224904954468903,0.013289153837422019
107,highlandtown,80.3883363846262,80.45356941223142,79.14694480896003,79.92599563598631,96.40392730319131,96.35993576049813,94.75861663818355,95.70072860717774,91.87745419787214,91.92557907104487,90.93573837280275,91.60999679565428,90.94920074,0.029823888744312,0.042630832734062,0.4294189835385747,0.012806943989749998
108,hillen,77.44695429269125,77.42009658813475,76.96641273498537,77.06784057617192,94.61437701192617,94.60448017120365,93.6975776672363,94.38843917846678,89.22635623501644,89.22134933471679,88.18373527526859,88.5782062530518,107.97305014,0.229071348460929,0.215674017849075,-0.05848540510136771,-0.013397330611853997
109,hoes heights,77.4251606738188,77.229633140564,76.41976394653322,76.73393516540523,94.74176728445602,94.53607482910154,93.14398345947261,93.90524673461918,89.25298711485212,88.9776691436768,87.64359931945796,88.35749435424812,49.61810388,0.355932501383396,0.356652885143901,0.002023933632655298,7.203837605049834e-4
110,holabird industrial park,79.95260221817614,79.93437271118168,78.82419738769539,79.02226371765127,94.71256470601674,95.03005790710444,91.5196479797363,93.06246490478512,89.48779324347782,89.41884574890136,87.20385780334479,88.57858390808107,361.0462256,0.132380699376787,0.139927241984938,0.05700636606150367,0.007546542608150991
111,hollins market,79.36810857736874,79.37660799026492,78.7124595642089,79.22452888488776,95.46332011628647,95.35095481872561,93.4123588562012,94.34171981811524,89.72186994174662,89.69538364410397,89.07777175903323,89.56171951293939,68.45062547,0.163687725290337,0.176439476970917,0.07790291946425357,0.012751751680579987
112,homeland,75.3173424821103,75.20711708068845,74.73822746276858,74.80371971130367,93.27663166813139,93.24943161010737,91.00454025268562,92.11700897216798,87.05238091711576,87.10467872619631,84.43554344177252,85.72297973632809,394.0702574,0.577095077350675,0.588629096879787,0.01998634190758021,0.011534019529112038
113,hopkins bayview,80.01665444336538,79.94970207214358,79.24941635131833,79.7306964874268,94.66131383303218,94.58119430541986,92.35534362792963,93.53585891723631,89.42195361343737,89.44905128478999,88.36878967285153,88.63580551147467,265.78480128,0.079997308602186,0.084801920117136,0.060059664492496556,0.00480461151495
114,howard park,75.75896213173655,75.67725553512574,73.55972061157226,74.61161689758296,93.33241017077239,93.40842266082761,87.27647743225094,91.14484252929694,87.18679485656557,87.23936166763306,83.44377326965335,84.89616928100583,676.78508534,0.436676624927406,0.42313855528005,-0.031002505915233233,-0.013538069647355988
115,hunting ridge,75.853320442458,75.85401954650882,73.88527984619144,75.1472003936768,93.3432890280124,93.63014907836919,87.15408630371095,93.54764175415033,87.09745125743524,87.47391204833991,81.5062038421631,86.52843208312989,167.56908091,0.585610403367214,0.58286069856558,-0.004695450739644427,-0.0027497048016340564
116,idlewood,77.20704238463307,77.05661048889152,75.8553276062012,76.51786499023441,94.01108988933795,94.07303543090822,92.52804183959967,93.59117507934572,88.06909851390196,88.12532920837407,85.82306518554692,86.83829116821283,133.12265427,0.271576997435181,0.261799194978176,-0.036003794685662664,-0.009777802457004992
117,inner harbor,80.84343622494313,80.76349716186525,79.69918975830086,80.11451759338382,94.80656605498947,94.94274749755856,92.36888427734384,93.95268707275395,90.09716573604352,89.9503608703613,88.46175804138176,89.28112869262688,154.49655042,0.043000261962963,0.057579102636435,0.3390407408687197,0.014578840673472003
118,irvington,77.61631069164994,77.6098579406738,75.79425048828116,76.96749763488776,93.87232583727919,93.86240005493168,88.60959968566891,92.84443435668938,88.15916142485432,88.30022468566892,84.33139991760248,87.15379447937012,568.86282774,0.314283335612751,0.321540922794012,0.023092497625147732,0.0072575871812609605
119,johns hopkins homewood,77.39017434056801,77.29590129852289,75.60484962463383,76.90861434936525,94.51062287875646,94.45861263275148,91.0973335266113,94.2329483032226,88.83531453952247,88.86621885299681,86.06880187988288,87.87575759887687,164.1595671,0.414791669929719,0.42185398827091,0.017026181703185102,0.007062318341190976
120,johnston square,79.84609747973974,79.81640014648443,79.5492813110351,79.75085639953622,96.94488653889366,96.95647621154785,95.99475708007807,96.58734588623048,90.82545222503913,90.9439781188965,89.45197982788082,89.97420806884762,109.36119882,0.093698662458274,0.105663235382406,0.12769203540616256,0.011964572924132
121,jones falls area,78.42949359054643,78.61450271606438,76.27155838012689,76.581678390503,95.5332150473227,95.85783309936524,92.11291656494144,93.72248229980462,89.7647883625079,90.12630691528321,87.32009658813476,88.03884963989265,179.2069996,0.302671454098518,0.308275536866313,0.018515399096641946,0.0056040827677950045
122,jonestown,80.174960050145,80.02153892517089,79.49685935974118,79.93850631713869,96.09534728731545,95.72541866302495,94.0201499938964,95.03843154907227,90.65507241140142,90.71374931335455,89.61485900878904,90.02618713378904,86.05375763,0.04930090535098,0.060037492420283,0.21777667150060923,0.010736587069303
124,kenilworth park,76.7794878932533,76.7549156188964,76.45277099609385,76.60283050537106,93.93581118925175,93.92391662597655,93.3231773376464,93.78024291992193,88.30463725320521,88.25645446777347,87.54113121032714,87.98485870361336,92.81995321,0.337796270157476,0.335375926209436,-0.007165099682455464,-0.0024203439480399713
125,kernewood,76.57916880123855,76.39155654907226,75.51332664489752,76.4223251342774,94.00111318711505,94.02168121337894,92.74638824462895,93.64354553222654,87.97833089075208,87.71445083618168,87.04623832702629,87.76037712097167,46.05211203,0.436833292373555,0.447787249761096,0.025075830022071238,0.010953957387541013
126,keswick,75.82342163849711,75.90727748870853,74.66061935424813,75.34117431640615,94.29785837607983,94.51223106384282,88.70556869506832,94.0066299438476,88.32151600330346,88.51293201446529,83.70589332580573,88.03560867309572,51.18248693,0.561735563249355,0.583435486236606,0.038630139173898743,0.021699922987250986
127,kresson,80.01559644224312,80.20108985900882,79.22674331665034,79.56693840026858,96.10912194750908,96.24764862060549,93.87337951660155,95.32670593261713,90.83051269409874,90.84531402587895,89.2338325500488,90.76879425048836,171.48310041,0.137732699507736,0.123342436242708,-0.10447964293489902,-0.014390263265028
128,lake evesham,75.36706577798697,75.28866481781006,74.77376136779786,75.40692749023442,93.5715644250173,93.52410869598387,92.64950942993168,93.47280426025395,87.54864805946175,87.59817256927488,86.46990242004392,87.58983154296884,45.49738975,0.496283170302094,0.503913102928407,0.015374151458064783,0.007629932626312952
129,lake walker,75.57973212574805,75.56913890838626,75.14823036193843,75.40746650695797,93.56627456490715,93.57495136260988,91.08774795532227,93.38148040771489,87.56424634559919,87.67461509704589,84.65845947265616,87.40617103576652,129.89054876,0.513686675959669,0.492576644731435,-0.041095150441261254,-0.021110031228234016
130,lakeland,78.69781620536943,78.7286729812622,77.64072952270514,78.14028129577628,95.13809852112081,95.18589897155762,92.91757583618168,94.26776123046884,89.59692324333318,89.59875545501708,88.66927261352535,89.0949516296387,350.77560667,0.250010667701237,0.255489088577785,0.021912748471576256,0.00547842087654804
131,langston hughes,78.6024560989396,78.64376239776614,77.96623382568356,78.50123023986825,96.10860118464629,96.09010810852057,95.59082412719727,95.96770324707038,90.32794971497216,90.51220169067389,89.06352043151858,89.78739929199213,38.70176093,0.180064856066866,0.161176282870679,-0.10489872154271372,-0.018888573196187003
132,lauraville,76.89731152156118,76.8548285484314,75.41851463317869,76.21888236999513,93.62502505527507,93.59427185058595,89.33072166442868,93.10595703125,87.84643815186703,87.69479904174804,85.23927230834965,87.10057945251464,378.43930082,0.468939793115154,0.477398047137696,0.018036972222711313,0.008458254022542022
133,levindale,77.31845435114033,77.28546085357658,75.99398536682132,76.35679855346677,94.6923133705476,94.72800598144538,92.26062774658202,93.46814880371096,88.987832834563,89.16358528137201,86.81534690856927,88.29889945983878,94.6054734,0.279482859574278,0.25461878983666,-0.08896456038660898,-0.02486406973761801
134,liberty square,77.53484674056591,77.5197700500488,76.62451477050789,77.41592521667474,94.93176593732152,94.93143501281739,93.69137725830086,94.9892196655274,89.21024251210153,89.23672504425048,88.21729507446284,89.03562202453622,74.89312492,0.223683653932807,0.232010228284972,0.03722477796552018,0.008326574352164995
135,little italy,80.7944049684493,80.82062520980827,79.90991439819332,80.2712375640869,95.19596272625716,95.13533954620364,94.55769729614263,94.98485946655273,90.33112132876252,90.2852155685425,89.61650009155274,90.1024116516113,32.0212461,0.023440037338874,0.033547630365223,0.43121061968558044,0.010107593026349001
136,loch raven,77.27474278233343,77.14411058425901,74.52836456298836,76.82603492736824,94.43016230854627,94.51432876586918,87.17520751953117,93.83370513916012,88.82870154966044,88.85026721954345,83.23056297302253,87.15344085693357,365.08600562,0.346140498536297,0.346126916325723,-3.9239010261581374e-5,-1.3582210574014653e-5
137,locust point,80.77008967069267,80.85592136383053,79.48972511291498,80.5898410797119,94.96696847546039,94.94224624633785,93.29440689086918,94.23880538940429,89.84494278814631,89.88033676147467,88.60531845092774,89.81965103149417,85.95158862,0.060912494861838,0.079272860915326,0.30142200044724915,0.018360366053487995
138,locust point industrial area,80.21739236413605,80.38815784454354,77.02397079467775,78.25044670104974,94.84197425502835,94.86563034057619,92.31381530761712,94.40952606201165,89.52345612550148,89.71457366943355,85.2745143890381,88.62852706909177,510.81736539,0.042897658353759,0.042954644305643,0.0013284163768114902,5.698595188399769e-5
266,lower edmondson village,78.07289367486234,78.06452026367182,77.83841476440428,78.08476943969725,94.63014567147275,94.64169292449944,94.22825164794915,94.52848739624024,90.09087988816586,90.06731719970702,89.4260658264161,90.22063140869145,14.4550712,0.14459050187323,0.136908590495521,-0.05312874136396677,-0.007681911377708989
139,lower herring run park,77.67561170517956,77.5961808204651,76.91306037902834,77.9793865203857,94.0176050285745,93.9818111419678,90.62789459228512,94.29068832397466,89.34455535900962,89.33351974487303,88.38787841796884,89.46052513122561,55.6559183,0.433711339228152,0.44577252247886,0.027809241215995165,0.012061183250707985
140,loyola/notre dame,75.49286903630943,75.47327804565427,74.82101631164547,75.36860580444332,94.47403349235857,94.71102523803717,90.53926925659178,94.48732986450187,87.90838303384541,88.03494348526004,84.47450027465823,87.91000404357902,192.49924412,0.45158915953609,0.466975105095257,0.03407067072861697,0.015385945559167002
141,lucille park,78.42062951214388,78.45342769622803,77.88803520202629,78.4034965515137,95.81577787656262,95.84723472595215,95.25908508300788,95.6039390563964,89.80618395561875,89.73312854766846,89.19927368164059,89.38361740112312,67.0784689,0.160924138945978,0.157093011117937,-0.023807042580026593,-0.0038311278280410144
142,madison park,79.66009639720309,79.47160196304318,79.08893013000488,79.15251350402835,96.44324136563093,96.4971138000489,95.175341796875,95.51510086059571,90.650041129112,90.64810256958006,89.37182769775393,89.56738433837893,101.81420774,0.143951322055086,0.149697623035891,0.0399183619765995,0.005746300980804975
143,madison-eastend,80.4440283768743,80.47012357711796,79.32597045898441,79.8416069030762,97.94129897417916,97.95960521697994,95.77340316772467,97.50808944702139,91.86174915596996,91.73386936187745,90.46129379272466,91.53382034301765,66.74725316,0.067850818105245,0.077066948327968,0.13582931613923416,0.009216130222722996
144,mayfield,77.26955716213342,77.2255939483643,76.18287811279299,76.46996116638175,94.56870284487036,94.3895481109619,93.24599838256833,93.62428512573236,88.78207006771311,88.8662300109863,86.99641532897954,87.76095046997072,83.21767621,0.368583900882331,0.367946649658588,-0.0017289176825616957,-6.372512237430294e-4
145,mcelderry park,80.88953077126973,81.07498703002928,79.83326072692867,80.06536407470702,99.39404828142024,99.30272331237799,97.60809936523442,98.31960144042962,92.29136979381752,92.38775329589846,91.50897750854486,91.70774078369145,80.93620599,0.0451204531021,0.061382536633156,0.3604148986327252,0.016262083531056
146,medfield,77.37800512793095,77.39385900497439,75.65866546630856,76.5335720062256,94.72886137557745,94.74111576080321,92.13981246948237,93.51916656494144,88.89678450156364,88.86389026641845,86.30467491149906,87.83922119140615,166.5246466,0.30883467975406,0.314074967603187,0.01696793848832034,0.005240287849127001
147,medford,80.00874229046735,80.12873115539546,79.40456733703623,79.63370437622072,95.36600285542025,95.34485054016122,95.03708572387688,95.28957901000976,89.97527322901973,89.9891357421875,89.4571640014649,89.81377334594727,98.56536765,0.08482516554132,0.104095968547732,0.22718261595404507,0.019270803006412
148,mid-govans,76.47273881645299,76.41054573059084,76.01763687133784,76.34522171020515,94.01232721383903,93.92078895568844,93.20058364868169,94.07184066772467,87.86976514257952,87.84924278259273,87.2857746124268,87.6547470092774,82.4555995,0.2842446188181,0.288071694894114,0.013464022967003358,0.0038270760760140132
149,mid-town belvedere,80.15038378174343,80.0499780654907,79.27512092590334,79.78068084716799,97.1491218649771,97.1435356140137,96.00379333496096,96.57335205078117,90.86630258445885,90.90078639984131,90.21121749877929,90.48080139160155,141.37819163,0.100713056618284,0.108700498845726,0.0793089048792896,0.007987442227441993
150,middle branch/reedbird parks,78.03941006286743,78.20154380798348,74.62388725280762,77.51679687500001,94.67054931734044,94.69633102416987,91.10932235717775,94.4048637390137,88.12318097436554,88.3083168029786,84.5912952423095,87.22721748352046,233.13758509,0.28646738731209,0.313330693063067,0.09377439436661235,0.026863305750977007
151,middle east,80.0348883319759,80.07534790039058,79.4351127624512,79.6591445922851,96.25079225253164,95.90285301208502,94.85110778808595,95.23990707397466,90.98089747264063,90.99585762023929,90.01711654663083,90.33458709716798,126.72840723,0.0737457499976,0.067567814812661,-0.08377344030184872,-0.006177935184939004
152,midtown-edmondson,78.0206566341464,77.97228488922129,77.5479087829589,77.64854011535641,95.53441390312818,95.54765815734872,94.0984481811524,95.38588104248049,91.10867908832407,91.1315078735351,89.88418197631833,90.66523437500001,95.7214035,0.166745211126308,0.173054189921223,0.037836041900693757,0.0063089787949150156
153,millhill,78.1844610467418,78.05111007690428,76.86410598754881,77.2304794311524,95.54750588872528,95.63343391418451,93.7067924499512,95.27899093627929,90.22881522426799,90.36023330688477,87.75238456726069,89.10629158020026,134.26870782,0.161140562919172,0.176981277632086,0.09830370718550657,0.015840714712913984
154,milton-montford,80.6020742196261,80.7498020172119,79.73384132385249,80.04461708068844,99.31381633926803,99.26217346191405,98.06646957397466,99.13695678710943,92.19233328182858,92.36227874755855,91.28414916992193,91.74440765380857,36.34289772,0.053608539162886,0.064067093422677,0.19509120045247588,0.010458554259790996
155,mondawmin,78.72381372799512,78.7180557250976,77.93548240661619,78.35861740112313,95.923666931086,95.96185302734384,94.91277542114264,95.49514694213869,90.4483829301329,90.62812461853022,88.6467746734619,89.22100257873535,244.97293888,0.116688940478459,0.105058421548467,-0.09967113320511314,-0.011630518929992006
156,montebello,77.58473047993886,77.64854955673216,74.99704475402834,76.61837615966797,94.85294586656232,94.80316963195796,87.80854530334477,94.41100921630856,88.36547262346294,88.44018964767454,83.0526908874512,88.0110027313232,297.06288126,0.254682777611755,0.261434543045248,0.026510490802741087,0.006751765433492984
157,moravia-walther,77.06031930453,76.87188053131109,75.72924232482902,76.37904930114752,94.28197284292236,94.20671672821041,93.42962799072261,94.14391784667963,88.2462833845347,88.10252742767332,87.29025840759272,88.03848228454598,83.84854926,0.303324857760132,0.311234054227059,0.02607500264017782,0.007909196466927004
158,morgan park,76.6897534642496,76.76590795516967,75.83556938171378,76.92036285400394,93.2134447643003,93.12666454315183,91.1168617248536,93.48954467773443,87.72070436255206,87.63307991027824,85.8244762420655,88.09894828796378,46.47069861,0.538861186336686,0.534165694305438,-0.008713732126763683,-0.004695492031247972
159,morgan state university,77.42438689734082,77.50015344619744,75.42585144042962,76.84958686828622,94.28251717145213,94.32492790222165,89.64883422851557,93.69910888671885,88.97804418619026,89.15790414810172,85.39557685852046,88.80941696166985,168.8095187,0.335863880290768,0.348963486171135,0.03900272297523096,0.01309960588036696
160,morrell park,78.62625244391458,78.77052659988401,76.45009994506833,76.65466880798348,95.54647762145439,95.54231433868404,91.78027801513664,94.87889633178716,89.97909114401068,89.9473361968994,88.4061603546143,89.24528579711918,536.72211792,0.272982393977933,0.277398677326324,0.016177905410075646,0.0044162833483910036
161,mosher,77.97490757666029,78.09597206115728,76.81868438720701,77.16819725036618,95.38836997040491,95.45784320831297,93.85649490356437,94.92108383178717,89.52438579243065,89.11871986389161,88.01724090576164,88.90646057128905,73.76848094,0.233786037467981,0.22442822257222,-0.04002726166673927,-0.009357814895760985
163,mount holly,76.001409028794,76.04343757629391,74.47617950439452,75.25538139343263,93.32054904189893,93.29513816833503,89.71322784423836,92.16946182250976,87.57367280942282,87.44169464111336,83.61339187622073,87.04596366882319,79.30884141,0.389329440730726,0.381341616402654,-0.02051687720579203,-0.00798782432807199
164,mount vernon,80.0635685674161,79.97157859802252,79.10378570556644,79.63596687316891,97.16224871160854,97.40737915039058,94.7572021484375,95.87282257080085,91.58232917918544,91.25204849243168,90.32113571166985,90.75677795410154,145.06253945,0.091141638763754,0.096467695342284,0.05843713862042285,0.005326056578529997
165,mount washington,74.98725909798877,74.86568603515616,73.94262847900393,74.06547966003416,92.38475319382717,92.58407897949212,87.23082923889152,89.74440841674812,86.00118738774299,85.97722740173347,83.48924636840823,84.23307914733877,794.26273706,0.681779193935215,0.693137225035249,0.016659398234897222,0.011358031100033972
166,mount winans,78.46778984733828,78.43894290924071,77.66003112792961,78.4210884094238,95.28820910317881,95.37712631225591,93.42470474243169,95.26716690063478,89.45824917114712,89.45553493499756,88.45927238464358,89.31624717712407,49.00266021,0.221124080396662,0.21932797280635,-0.00812262322172274,-0.0017961075903120127
167,mt pleasant park,75.83238241214723,75.79440755844116,74.3710231781006,75.62915687561036,92.78114846720763,92.78248004913326,88.87811584472654,92.34643096923836,86.85281578928263,86.74953794479373,83.55002479553228,86.61197624206551,161.91214559,0.437647057822693,0.444027391196529,0.014578718763878775,0.0063803333738360335
168,new northwood,77.19235485936287,77.10518207550055,76.4654945373536,76.8202774047851,94.31039854638087,94.31550369262698,92.2517768859863,93.8271888732911,89.11052687965571,89.21688013076783,87.49754638671884,88.43857345581063,205.36514865,0.268375881302618,0.256055781840384,-0.045906135090962134,-0.012320099462234002
162,new southwest/mount clare,79.38102022499817,79.36345443725583,78.50578269958501,79.26513366699211,95.59776907462816,95.56694946289058,92.7197807312012,95.21220779418937,90.17328099440132,90.26756362915035,88.4694965362549,89.63906326293937,75.67302247,0.14292245366508,0.169225070578577,0.1840341824464736,0.026302616913497
169,north harford road,77.62334366499314,77.65192012786862,76.27608337402347,77.37377548217773,93.86862523870957,93.8538959503174,92.30892639160155,93.48777999877929,88.65475881866303,88.5636716842651,87.15462188720701,88.10414619445797,409.57267685,0.308133608168836,0.307542048570776,-0.0019198152437038798,-5.915595980600097e-4
170,north roland park/poplar hill,75.16070817748624,75.20968170166019,73.91517639160153,74.58207054138177,93.7996104719195,94.01400966644285,87.31139678955086,92.37039489746095,86.72536301726798,86.90569229125975,81.80976638793939,84.95934066772466,392.39983647,0.650704930526665,0.644774536138004,-0.009113799681617801,-0.005930394388661053
171,northwest community action,77.62188224192172,77.59350204467773,76.68856849670402,77.10741882324211,94.82445847830465,94.84406280517587,92.3503036499024,94.50017013549812,88.71308523234539,88.67595710754392,85.75474395751952,88.57044715881344,74.21146215,0.206105370743987,0.204077011453718,-0.009841370377429425,-0.002028359290268983
172,o'donnell heights,79.65435443311824,79.62825927734374,79.36318321228023,79.46525650024418,95.27109328734807,95.26333026885989,94.79790649414058,95.05054397583015,89.35968490314444,89.11634578704842,88.73214874267586,88.96254234313965,101.05623069,0.09290536588114,0.086449461689948,-0.06948903467482662,-0.006455904191191991
173,oakenshawe,78.16646966246557,78.15901212692259,76.9704261779786,77.42801017761224,96.03396875088539,96.2059246063233,93.75317535400394,95.21982269287105,89.67156576391992,89.49020881652834,88.01721687316892,88.86441040039058,40.0041192,0.400145887627501,0.412320789790391,0.030426158407065116,0.012174902162890022
174,oaklee,77.94498966735625,77.95208377838138,77.50162544250489,77.7179771423339,94.42312563917065,94.36983108520513,93.86709671020515,94.2603111267089,88.83497156087526,88.81372566223142,87.87913932800299,88.7485218048095,26.07691926,0.10990875197528,0.108519563523679,-0.012639470712154387,-0.0013891884516009922
278,old goucher,79.57627285163314,79.57160072326653,79.12148056030274,79.5693004608155,97.92339481675293,97.98612518310549,96.91617355346679,97.60896453857414,91.49438633816116,91.50176429748537,90.61451187133784,91.0953697204589,37.07183202,0.089858382342286,0.089758062868109,-0.0011164175401563608,-1.0031947417700471e-4
175,oldtown,80.00544673587913,79.97662544250488,79.67716560363776,79.89884567260737,97.72194386652596,97.7,96.22839508056644,97.06940536499023,91.36975115753326,91.33899154663082,90.56836929321284,91.25094985961918,107.12344997,0.151664870814357,0.139118978001452,-0.08272115187610979,-0.012545892812904996
176,oliver,79.89111120790179,79.87681980133053,79.21334686279297,79.63813323974605,97.04054020014703,97.14707698822016,95.39846038818357,96.22765350341798,90.80353573704846,90.95888862609863,88.98924255371097,89.46896057128905,168.27517967,0.143504713072429,0.13920227971533,-0.029981129295227452,-0.004302433357099011
177,orangeville,79.89359928348532,79.93005714416506,78.9114151000976,79.22668495178229,95.69711579494286,95.5505180358887,94.35952453613288,94.79123916625977,90.13386978863349,89.99454307556147,89.23830261230461,89.51103134155275,236.49010331,0.160563094257656,0.150413318127793,-0.06321363060913386,-0.010149776129863008
178,orangeville industrial area,79.89597505006734,79.92078742980951,79.25367698669426,79.59261207580573,95.63919424110989,95.40686492919914,94.00185089111335,95.00035018920889,90.08746183470109,90.03149490356438,89.07018089294425,89.68028259277347,285.03725121,0.127343088439795,0.131748784934003,0.034597060179602214,0.004405696494207995
45,orchard ridge,78.58048945123821,78.8299180030823,75.79960975646978,77.17377967834477,94.95665335452387,95.17573318481448,91.43094711303716,93.95180816650395,89.33552889323889,89.32774677276615,87.16599273681643,88.81514015197749,177.65411024,0.248183772501579,0.234865029292241,-0.05366484309224226,-0.013318743209337985
179,original northwood,77.25341208723667,77.22597503662107,76.64278297424323,76.85226135253905,94.04632241521347,94.06419830322261,92.87114486694333,93.40497055053717,88.66628528642813,88.80554084777833,87.95728302001952,88.10644989013664,110.35440313,0.587338844460643,0.592155568065085,0.008200928050085283,0.004816723604441964
180,otterbein,80.43450306230376,80.24947948455818,79.72419052124025,79.8685165405274,94.95448091543582,94.87845687866216,94.40443115234385,94.64046554565428,90.21730511937437,89.96460189819332,89.23676109313965,89.72186584472654,65.61085855,0.165366805715049,0.187154784572977,0.1317554557803568,0.021787978857927992
181,overlea,77.00016558384544,77.08524360656739,75.71020851135248,76.20700340271003,93.7507534072839,93.73460845947261,89.35102920532226,93.55198135375977,87.76275134081055,87.74422378540035,84.48023033142098,87.31721611022954,194.75417662,0.374010900254047,0.359822605650139,-0.03793551095508331,-0.01418829460390797
182,panway/braddish avenue,77.72492792703159,77.55057811737069,76.96257781982413,77.30791244506833,94.77953552778118,94.51690368652346,93.50086059570307,94.12288589477535,89.05708912778658,89.0802162170411,87.86494293212894,88.92225685119632,51.93476035,0.238228373726894,0.238136431206883,-3.859427765578473e-4,-9.194252001101799e-5
183,park circle,77.10886533856879,77.07540054321294,76.05360679626465,76.41555137634273,94.54260491219753,94.64856967926022,90.79199600219727,93.28817901611336,89.0256878830534,88.98508491516114,86.36427917480461,87.62850341796884,198.75505186,0.348388707856941,0.352872193908548,0.01286920600609159,0.004483486051607033
184,parklane,77.03752694282608,77.02050151824943,75.68387565612801,76.09567413330086,94.435698320448,94.49036140441892,92.94337997436523,93.45942840576164,88.76101577005153,88.80823936462406,86.80078315734872,87.66991500854486,79.26942266,0.303889246708956,0.311422678429937,0.024790056912398658,0.0075334317209809765
185,parkside,77.99853613887174,78.03531723022456,77.21859359741217,77.77470092773441,94.38439929857847,94.53105888366704,90.71150054931644,93.42134704589847,89.00936475271527,89.00434274673461,88.22887878417961,88.77961997985848,75.19961886,0.14920068553663,0.149894586837184,0.0046507916371715625,6.939013005540229e-4
186,parkview/woodbrook,78.10287819002181,78.23709831237801,76.89326438903811,77.25501670837406,95.6572535694398,95.89738388061524,93.6472602844238,94.59490661621096,89.8954781751547,89.98564758300788,88.33878669738776,89.33569984436036,63.07015008,0.2004501782805,0.188641734089066,-0.05890962179594489,-0.011808444191433981
187,patterson park,79.13233213680898,79.14296054840091,78.32236251831063,79.00077171325677,95.15073788135574,95.10577430725104,93.02219314575188,94.95172195434571,90.76009833926193,90.71689414978022,89.1189670562744,89.91022644042962,144.56962983,0.187507254924099,0.21286229165565,0.13522163044738958,0.025355036731550984
8,patterson park neighborhood,80.46641489051025,80.47843713760369,78.5040798187256,79.36169662475582,96.99495936870566,97.01465396881102,94.67087707519538,95.67570724487312,91.48670191712728,91.6454208374024,89.48003616333014,90.9208793640137,108.11266069,0.029132493101585,0.04192176735327,0.4390037683039623,0.012789274251685002
188,patterson place,80.63934556461246,80.75712766647335,80.04161643981925,80.33846702575676,98.60063937561085,98.68610534667961,95.87806167602534,97.35772781372071,92.2304340798198,92.57584953308108,90.31495590209965,91.37598114013664,24.3247487,0.059284475257317,0.074606497254588,0.25844914593184204,0.015322021997271
189,pen lucy,76.79791299644009,76.80765686035153,76.26043472290034,76.37884330749512,94.07442263226756,93.98512420654299,91.83348617553716,93.94409027099606,88.25234255524458,88.2568492889405,87.59366645812989,87.92816581726069,109.80894237,0.331911988986602,0.333489363436899,0.004752387689016738,0.0015773744502969866
190,penn north,78.82603731463598,78.87240505218506,78.3385089874268,78.527940750122,95.90300887243332,95.8818794250488,95.23079528808597,95.62536239624023,90.38887883395516,90.43173198699954,89.73877105712894,90.2830268859863,86.52870661,0.114343323932601,0.12088209465644,0.0571854175561071,0.006538770723839002
191,penn-fallsway,80.08545558876477,80.00864028930668,79.7631507873536,79.8759906768799,98.29181154699754,98.31858520507818,97.34978332519538,97.63719253540035,91.21473266960814,91.20775470733642,90.64694900512688,90.90273818969726,86.05618834,0.026947062230283,0.029630457591069,0.09958025620211819,0.0026833953607860034
192,penrose/fayette street outreach,78.68751434035045,78.82110919952393,76.84985466003417,77.19657287597653,95.79773392470561,95.84559879302984,92.45391845703116,94.24725112915034,90.62448203141221,90.60675277709967,87.62089538574212,87.99794616699211,225.87384122,0.135601068678565,0.133349229149471,-0.01660635532623906,-0.0022518395290939963
193,perkins homes,80.07314901954194,79.96150121688842,79.71011085510249,79.87244758605951,95.64977912160765,95.72327289581295,94.92356948852535,95.22812423706063,90.09681022566616,90.12390022277835,89.75327301025395,90.1772079467774,23.72053979,0.167560923678455,0.155342314615876,-0.0729203969179961,-0.012218609062578989
194,perring loch,77.48200482177019,77.56262016296378,76.32942199707038,77.0451606750488,94.28647036494567,94.3743217468262,91.47807159423836,93.79546585083014,89.01539314100211,89.10072288513176,87.53961715698236,88.46193656921378,139.96547381,0.306203470282487,0.29589496974697,-0.033665524842050105,-0.010308500535517018
195,pimlico good neighbors,77.91992709567167,78.0375462532044,76.08269653320309,76.51866149902347,95.09385696680579,95.06187362670899,93.34877548217773,93.81011886596679,89.40378260415002,89.45426292419435,87.88175544738776,88.34241218566892,189.24971033,0.093157794053909,0.102793393404249,0.10343309916467136,0.009635599350340002
196,pleasant view gardens,80.08091806234597,80.04209365844726,79.72066459655761,80.0613609313964,98.2873696399985,98.46141433715822,96.38826675415034,97.62413940429693,91.76453446031101,91.82437095642098,90.59683761596679,91.08940277099606,29.43996947,0.039083535882134,0.08456675610785,1.1637437401488395,0.045483220225716
197,poppleton,79.00398139254474,79.11645431518554,77.57770919799812,78.31917648315428,95.38100800706695,95.17889175415034,93.14062576293938,94.77951812744145,89.8841710667203,89.67309341430669,88.48557090759272,89.19365005493168,116.57367115,0.149865959714854,0.160236087350981,0.06919601793401223,0.010370127636126991
198,port covington,80.2084876408295,80.17994289398197,78.04889564514153,79.93367576599118,95.08462054106364,95.01265830993657,92.52659301757808,94.55633773803717,89.62350655678861,89.64899902343751,86.79323005676275,88.91387634277346,212.43713477,0.05313240578144,0.080803458057544,0.520794266119415,0.02767105227610401
199,pulaski industrial area,78.86952044550188,79.2222303390503,75.55296325683597,76.9313285827637,95.45807374299767,95.27497062683108,90.15187072753903,94.05779190063477,89.86697046688883,89.77649021148687,85.31581268310549,88.65992736816403,1259.33213482,0.204812697611299,0.207997374528287,0.015549216206467856,0.0031846769169880107
200,purnell,73.93822937094643,73.95218830108635,73.59599609375,74.00285072326652,91.22222105855528,91.25420112609872,88.8051322937012,91.30199508666986,84.53632442557293,84.74666938781738,82.9514484405518,84.35749931335454,24.80398332,0.437555357904762,0.459954889959823,0.05119245291000738,0.022399532055060956
201,radnor-winston,76.30688404072694,76.11337242126464,75.51414718627927,75.66798667907715,93.9997805403681,93.99095726013175,92.9513725280762,93.75555114746096,87.83181900136819,87.65979728698724,87.21379356384273,87.43883132934573,50.29626238,0.381312961880206,0.388806655137206,0.019652343366586715,0.007493693257
202,ramblewood,77.64410660055884,77.77881822586065,76.3612686157226,76.62003097534178,94.58345801355925,94.59505424499511,93.83057403564452,94.35813064575188,89.03184895864275,89.09755487442024,88.18257141113288,88.3662250518799,99.74638126,0.276270449168224,0.235844388389199,-0.1463278497600341,-0.040426060779025025
203,reisterstown station,76.87507058937199,76.67473087310793,75.53126525878903,75.74971466064451,94.73392300661949,94.76288757324212,92.98972854614264,93.4640975952149,88.72946491211535,88.50382881164546,86.25134658813477,86.8886772155762,290.10152824,0.153849063528712,0.16164815717964,0.05069314997469914,0.007799093650928013
204,remington,78.83126076225363,78.94805450439452,75.57153358459479,77.11188888549812,96.70147803174939,96.88413467407227,93.81541290283202,94.62034683227535,90.34414486715383,90.31506919860838,88.21789932250977,88.9278427124024,157.0635142,0.189540195696547,0.191090684134022,0.008180261879423794,0.0015504884374749894
205,reservoir hill,78.9016548984486,78.8922336578369,78.13422851562501,78.37974205017099,96.07265501020048,96.0670436859131,94.49642105102535,95.80940399169914,90.37435700093177,90.33565139770513,89.56183280944819,89.84099884033202,194.94724872,0.188075445017879,0.187660697139135,-0.002205220775655152,-4.147478787440151e-4
206,richnor springs,76.91775229323163,76.92176017761224,76.72839050292961,76.8815673828125,94.34138163520942,94.33376846313476,94.05874633789057,94.38710021972653,88.38316916986795,88.35695877075187,88.1696968078613,88.34365501403809,21.37667553,0.180834246192839,0.154905814378074,-0.1433823092729643,-0.025928431814765007
207,ridgely's delight,79.76108016927813,79.72645044326782,79.39578170776369,79.58901062011711,96.03556892388285,95.99992065429693,95.3815345764161,95.88156356811524,90.91204432254983,90.99997234344482,90.0377845764161,90.67225875854486,31.39272808,0.232652338896685,0.245738635324883,0.05624829086291411,0.013086296428198002
208,riverside,80.55481325384534,80.48087387084956,78.58186988830573,79.92674064636225,95.22483513712595,95.24204940795899,93.08134078979487,94.85905914306645,90.29357520539685,90.29570922851558,87.902430343628,89.76640853881833,188.93247085,0.085979017274345,0.097309625944471,0.13178341680705516,0.011330608670126002
209,rognel heights,76.83188573280933,76.89723491668694,74.76282310485848,76.10705528259273,94.17174250805817,94.14210166931156,90.66067504882807,93.49441299438476,88.38542140657634,88.21082859039302,84.50435562133785,87.59198760986337,108.74961037,0.291903590204327,0.27288757369469,-0.06514485312197126,-0.019016016509636968
210,roland park,75.63719703101503,75.41878757476803,74.61465187072749,74.82775230407714,93.26334519069482,93.67333049774174,87.17639541625977,90.58298110961918,86.8409750183244,86.94846858978266,83.53048973083503,84.50124168396002,612.79569934,0.624190459243164,0.645084857197713,0.033474394946509896,0.02089439795454906
211,rosebank,76.33246338850928,76.23351993560792,75.3694469451905,75.39476699829109,94.11855059347704,93.9296226501464,92.97268600463869,93.91755142211917,88.06736675570843,88.06321010589602,87.121886062622,87.65010185241704,42.3293164,0.253329732303569,0.253358475462833,1.1346145200832866e-4,2.8743159264044138e-5
212,rosemont,76.80420075129355,76.69002504348752,74.48350944519049,76.33214454650883,94.38632113013679,94.46201496124269,89.04217262268074,94.0655921936036,88.28466644573751,88.35245609283446,83.01230583190916,88.11697273254393,111.47135984,0.341846698872388,0.341151221698229,-0.002034470938151851,-6.954771741590204e-4
213,rosemont east,77.43444197376093,77.39692230224605,76.36413879394539,76.9351806640625,93.98660058405733,93.88748321533203,92.8121688842774,93.7852210998536,88.10657281874853,88.09267921447749,87.42117767333991,88.04678039550788,161.33619216,0.373191016041929,0.378154752054385,0.013300791817288249,0.004963736012455977
214,rosemont homeowners/tenants,78.24737557611854,78.10813770294182,77.44673500061036,77.99034194946285,96.05623194812665,96.01418914794914,94.53990631103511,95.85001220703117,91.0065715936729,91.04191436767586,89.9640869140625,90.54861450195307,40.33445041,0.095443426155592,0.09716683988075,0.01805691386590103,0.00172341372515801
215,sabina-mattfeldt,74.97393946177607,74.95491304397589,73.90808677673348,74.58561363220214,95.09737663240271,95.20712490081785,92.8838272094726,95.27941665649418,86.82003610721434,86.68921785354617,84.32648696899417,86.33127899169915,75.6123276,0.437206120734491,0.436020812124638,-0.0027110979321646285,-0.0011853086098529975
216,saint agnes,78.38267590758913,78.29847755432132,77.45672569274906,78.10296211242681,95.13954974629277,95.04814071655274,92.83082504272465,94.94153213500977,89.75873858103444,89.69846496582038,88.26279220581063,89.66104278564453,53.31138051,0.361120273807196,0.333659888950994,-0.07604221321249674,-0.027460384856202003
217,saint helena,79.11967432248528,78.99108314514162,78.52769012451165,78.61640472412105,94.93246731015086,95.3173040390015,92.64974288940428,94.6762260437012,89.31507296024805,89.32724380493168,88.25777626037595,89.29590187072748,36.29184877,0.111520798542584,0.111640352208896,0.001072030221038533,1.1955366631200004e-4
218,saint josephs,78.14727228522915,77.9948240280151,77.56726531982414,78.00168876647953,94.77880535381271,94.93872032165523,93.0103897094726,94.1594154357911,89.52803683857206,89.5436221122742,87.94037437438965,89.1100749969482,89.43852529,0.238695901263164,0.23915920503746,0.0019409791782942717,4.633037742959867e-4
219,saint paul,78.75181478862004,78.80910491943357,77.25644149780274,78.24465827941893,95.60872979430499,95.66988277435304,94.71568756103511,95.43106231689453,89.70708188095024,89.76249637603763,88.18874092102047,89.05464897155761,66.35723377,0.297979125273614,0.282313566496372,-0.052572671870411536,-0.01566555877724196
220,sandtown-winchester,78.44986382271098,78.4918455123902,77.77099304199211,77.99172897338869,95.53133134287543,95.46588897705087,93.96549301147466,94.89164047241216,90.64973967458096,90.64716186523444,88.99493141174324,89.61158370971678,260.17288551,0.131846588487589,0.147548611036355,0.11909312731473556,0.015702022548765987
222,seton business park,76.5515928108874,76.50730953216555,75.08526153564452,75.40271492004392,94.58885975148415,94.81324958801275,87.78194465637199,93.40065841674812,88.46318158362398,88.47815170288082,83.43945770263664,87.13398132324212,250.26350463,0.297915239109516,0.280049883089376,-0.059967915953344546,-0.01786535602014
223,seton hill,79.45831416652479,79.55529289245608,78.64132995605462,78.79190101623536,95.91956057924307,95.85761337280275,94.68165054321284,95.58717803955085,91.44730775290392,91.30102691650394,89.28234748840333,90.03864974975582,47.71423064,0.261320569982165,0.264518143559795,0.01223621078833649,0.0031975735776300085
224,sharp-leadenhall,80.12033092099438,79.98604621887209,79.74682235717773,79.86257705688476,95.66887232313493,95.74258995056147,94.14382858276369,95.51094665527347,90.13716173679276,90.27029819488533,88.96642875671378,89.74338531494145,44.20201332,0.103758371484885,0.113166115708918,0.09066973671038663,0.00940774422403301
225,shipley hill,78.46356274380975,78.59645080566403,76.8238685607911,78.19069480896002,95.61688727650453,95.74675102233877,92.7179336547851,94.52536315917962,90.1115214927143,90.37729301452629,87.57274436950675,89.11067581176763,116.70390651,0.247847652319649,0.260204755062077,0.049857655002077915,0.012357102742428017
221,south baltimore,80.26158504430514,80.28475246429448,79.88678474426277,80.04933090209965,95.45444975903314,95.58324699401858,93.56648330688478,95.14784164428715,90.12700319435476,90.14113845825187,89.54602966308596,89.81013412475582,83.07626889,0.044225998736045,0.056284695557836,0.2726608141460228,0.012058696821791004
226,south clifton park,79.83303205361037,79.64773769378661,78.2321613311768,78.4329914093018,96.67117776909616,96.78923683166498,94.90860061645515,95.08571395874023,91.0746460998221,90.86055412292474,89.39748764038083,89.44722137451164,60.40002725,0.08806387562391,0.080781060194877,-0.08269923822266644,-0.007282815429033002
227,spring garden industrial area,80.33802811407874,80.34950485229496,78.8820610046387,80.15771446228023,95.14680689338566,95.28394680023189,93.81587295532228,94.83610458374024,89.73914508300993,89.75462226867671,87.04888877868656,89.14918975830085,172.94272154,0.06768186634334,0.075819401749179,0.1202321366931358,0.008137535405839003
228,stadium area,80.0317198625668,79.98267221450797,79.56960945129393,79.7126136779786,96.0704505684235,96.04793434143065,93.43383712768562,94.87344436645515,90.49235779789046,90.50480480194088,88.87445602416986,89.48387451171884,105.06523169,0.069365162152483,0.076052806321831,0.09641214641215408,0.0066876441693480004
229,stonewood-pentwood-winston,77.53307199616427,77.48395805358888,76.73178939819331,77.2929332733155,94.23720522764714,94.23826980590823,91.79066009521489,93.97862854003904,89.18008629739786,89.20243225097653,88.04262275695797,88.95060844421377,59.69286321,0.344136417914466,0.335008816476909,-0.026523206967957725,-0.009127601437556976
230,taylor heights,76.85232837752105,76.90529613494876,75.62595710754391,75.90651702880857,93.35344769659899,93.37416591644285,87.47279624938965,92.86368103027345,87.24888094539583,87.2948486328125,83.25571479797372,86.40259399414057,122.38865322,0.280571068860567,0.270339915509749,-0.036465460934257864,-0.010231153350817979
231,ten hills,76.22922749621789,76.19063205718994,74.56274490356438,76.16577720642098,92.41315794634015,92.64378967285154,86.60306701660153,92.80784988403322,85.81169453344677,85.57368497848509,82.04808044433597,85.54789886474606,213.24417804,0.629554717107882,0.63860889695925,0.014381879136673168,0.009054179851368027
232,the orchards,74.9271645065167,74.94586133956906,74.11913757324211,74.70305061340335,93.42998060282912,93.52690849304204,91.83487319946283,92.77987594604485,87.15451959447013,87.23484096527093,85.19165000915523,86.49028549194333,135.13211995,0.507201431112425,0.494151704032903,-0.025728884579250016,-0.013049727079522011
233,towanda-grantley,77.75374413516317,78.02178173065184,76.53037567138665,76.96499481201164,95.14950509982539,95.28695602416985,92.6128013610839,94.65404052734384,89.19025730311708,89.22551727294913,87.4970348358155,88.82913055419914,89.48549874,0.304323689077348,0.304165660818509,-5.192768900710618e-4,-1.5802825883903804e-4
234,tremont,77.01406501115055,77.02466602325433,76.47939224243169,77.02065086364752,94.8243773174885,94.91688156127928,93.83726196289058,94.73367080688476,88.35198206171472,88.20880470275881,86.57140235900883,88.02398719787594,22.53834966,0.121173570722863,0.123609936951894,0.020106416064962135,0.002436366229030998
235,tuscany-canterbury,76.09187536296157,76.07191448211665,74.96522560119632,75.28412437438965,93.95283777748062,94.12781944274906,91.41771545410154,92.90253143310548,87.81032452229077,88.040030670166,84.15949478149417,86.58279724121095,93.13417637,0.376526311793783,0.384514229965871,0.02121476752589561,0.007987918172087993
236,union square,78.85445209230234,78.78542079925543,77.93220367431644,78.43093490600583,95.2436328672611,95.00267791748048,92.86904373168937,93.62214965820309,89.2850337472835,89.35722274780275,87.64704971313476,88.75141944885249,42.4392161,0.23225930343576,0.260516756867868,0.12166338662909001,0.028257453432108004
237,university of maryland,79.55404830284336,79.58845443725582,78.71655883789057,79.43505096435548,95.34842629069007,95.37274894714358,93.58645782470703,94.84238739013665,90.4486823321584,90.08520431518562,88.6210151672363,89.36256828308109,96.64250347,0.077973489797373,0.09055205834145,0.16131852731953505,0.012578568544077004
238,uplands,77.38676209082182,77.57509737014772,74.46942634582527,76.27449035644538,93.65757750188185,93.88012237548828,86.6325790405274,92.8301864624024,87.57833371174952,87.79791774749756,82.11943321228023,86.48742904663082,126.6230538,0.333613626375539,0.229106927625653,-0.313256685241765,-0.104506698749886
239,upper fells point,80.03766424148698,79.89553432464602,79.22343368530275,79.4922931671143,95.83794832634862,95.7042802810669,94.54460296630856,95.40623321533202,90.77123289561675,90.60374183654785,89.60293884277345,90.2879776000976,81.46840858,0.084937946262644,0.111752521078377,0.3156960580706452,0.026814574815733003
240,upton,78.78056047542012,78.61927490234385,77.66249618530274,78.30093231201164,95.66775602739493,95.5949028015137,94.21922912597654,94.6529350280762,90.0273167110319,89.91160659790035,87.87948265075676,89.25367317199701,187.52218642,0.17462035447253,0.18673999736793,0.06940567113157815,0.012119642895400018
241,villages of homeland,75.86510219179311,75.93399143218994,75.30516319274906,75.9544757843018,94.22916772634981,94.2295494079589,92.87960433959967,94.34581222534179,87.86003736268832,87.77179260253904,86.5948890686036,88.0934001922607,20.27163022,0.317783754706832,0.364413238583279,0.14673337823534915,0.046629483876447
242,violetville,79.06455087505404,79.15807361602788,77.6387966156006,78.02542266845703,95.40670895425238,95.5450523376465,93.70298156738288,94.1575546264649,89.61396132026877,89.63786163330077,88.23876647949211,88.81680870056157,379.40539156,0.217272949170001,0.231002812748723,0.0631917762021048,0.013729863578721996
243,wakefield,74.78363063414847,74.989100265503,73.58079032897953,73.90391540527347,91.38112100270794,92.12625122070307,87.33093185424812,89.50641708374025,85.23435990347508,85.86975536346435,81.17417640686037,81.91384468078623,174.71620899,0.707305609745105,0.718762084247679,0.016197347150551433,0.011456474502573921
244,walbrook,77.24364697296821,77.0199573516845,76.08676490783691,76.57158813476559,94.22311832899814,94.32359924316404,91.86483840942381,92.96206359863288,88.46115089115145,88.47579650878905,86.61065101623535,87.725694656372,127.63616807,0.310700164698718,0.297428940965843,-0.042713925645143834,-0.013271223732874982
245,waltherson,77.59875411464753,77.63024873733521,75.99555091857903,76.87195434570307,94.26523276545045,94.2244167327881,93.20238265991216,93.6152694702149,88.51886616254014,88.4709693908691,87.38974990844726,87.95826148986825,473.07823227,0.305386590080092,0.312635731851293,0.023737590341801895,0.0072491417712010064
246,washington hill,79.98599114132134,79.95408287048349,79.37085304260248,79.78139152526859,97.30815539382897,97.07941322326653,94.88196563720702,95.78130645751952,91.35756841171161,91.11196937561036,89.77909774780274,89.86117248535155,100.60495777,0.111001860405894,0.122160188409167,0.10052379268663592,0.011158328003272988
247,washington village/pigtown,79.99823644675864,80.11162681579597,78.5776882171631,79.34049644470214,96.5392345254579,96.49178543090822,92.6283744812012,95.13558502197262,90.6744174897063,90.81661911010735,88.580012130737245,89.76450653076165,209.15290022,0.069725012921593,0.083482544023145,0.19731127360309839,0.013757531101552006
248,waverly,77.91263238145285,77.9809271812439,76.7183242797851,76.9199165344238,95.71583358125085,95.7429744720459,93.90175170898442,94.60625686645514,89.45462801547578,89.36471920013429,88.05924301147466,88.35970535278322,98.95004622,0.27132722614693,0.269441108229993,-0.006951450997828042,-0.0018861179169369913
249,west arlington,76.59218048536553,76.64905204772954,75.84240837097167,75.87884521484384,94.31785625215905,94.0464897155762,93.44297637939452,93.82959213256832,88.28639144079165,88.3318035125732,86.44292755126952,87.17329864501951,174.53292462,0.376537178028342,0.358321027315611,-0.04837809325526919,-0.018216150712731027
250,west forest park,75.34966538610432,75.5139377593994,73.4971328735351,73.900574874878,92.57829008261655,93.2080131530762,87.14713401794427,89.52366218566891,86.54626086012763,87.10306854248049,81.48087348937989,81.86632881164547,238.34236303,0.610869158165565,0.623476235828608,0.02063793448158683,0.012607077663043031
251,west hills,75.87320032411145,75.87267742156982,73.8299533843994,75.11729698181156,93.74028570337339,93.81392974853512,87.75400505065916,93.10338211059572,87.8110549104887,87.95210142135613,81.86463966369632,86.8900093078613,214.45428425,0.549949938891513,0.550549944265335,0.0010910181661832117,6.000053738219879e-4
252,westfield,77.5193822993253,77.3433433532714,76.45030937194821,77.14373550415034,93.83967861891907,93.71847229003905,92.77046890258785,93.62226638793938,88.62223998311765,88.32449073791499,87.7005668640137,88.03462333679204,274.50780144,0.317718852709286,0.324181271538086,0.020340054654273652,0.006462418828799998
253,westgate,76.26263774821217,76.22365112304692,75.41859703063965,76.01317367553716,93.49749214028029,93.54930343627929,90.4122261047363,93.11717681884761,87.4372764903411,87.71311702728266,82.75278816223141,86.37519683837894,213.04928243,0.36880780071132,0.378778829171357,0.027035839374345845,0.009971028460037001
254,westport,78.89207223533559,78.82483940124513,76.7778427124024,78.28196029663081,95.56236854707092,95.55380363464357,92.61449737548836,95.44430084228512,89.37899728617907,89.39586200714105,86.10315132141122,88.66732940673836,318.55277723,0.178533969459102,0.143001316942347,-0.19902460368974603,-0.035532652516755
267,wilhelm park,78.17876006582497,77.92200098037716,76.39478721618656,77.2659858703613,95.4039331382683,95.34730014801022,92.20198135375978,95.2832412719726,89.91318512522334,89.90099105834958,88.07630615234385,89.6214027404786,285.17004086,0.25634544614105,0.266367778994431,0.03909698028287333,0.010022332853381
255,wilson park,76.81712469625774,76.8151121139527,76.32791481018074,76.82307891845701,94.0469571309481,94.06381034851071,92.98144760131832,93.9208198547363,88.2309284589318,88.21948719024662,87.41403656005856,88.1637504577637,59.99083622,0.286119047382153,0.284610539350936,-0.0052723090092012094,-0.001508508031216993
256,winchester,77.18934102492211,76.98245792388909,76.07841873168938,76.71324653625489,94.55895612436842,94.37286605834967,93.11204071044915,93.9842933654786,88.75545644293103,88.89754447937011,87.59439773559572,88.400934982299745,53.20175376,0.283094909232283,0.287780975176364,0.016552985558055445,0.004686065944080997
257,windsor hills,75.24095938972607,75.24169998168946,74.10204696655273,74.70726318359384,92.70975732779894,93.24014301300046,87.48441085815428,91.37312469482414,86.58468368095967,87.10215015411384,83.40591850280762,84.94493484497073,149.90364688,0.535535593328838,0.541114038044485,0.010416571344907007,0.005578444715646946
258,winston-govans,76.68343944384821,76.60408878326417,76.20248527526857,76.48020248413081,94.02545316395077,93.95188026428218,93.02750778198237,93.67601013183597,88.05757857023688,87.98807392120364,87.53728256225583,87.67587165832526,72.48828954,0.402039840385103,0.396063149227261,-0.0148659176466618,-0.005976691157841996
259,woodberry,76.81894826704152,76.96139507293694,75.36348342895513,75.58868598937988,94.15237499217508,94.75832481384282,87.4263755798339,92.05197677612313,88.3759353686402,88.5673177719116,84.77913055419914,86.4755912780762,340.36389041,0.471939412824829,0.472223773525857,6.025364555291843e-4,2.8436070102799693e-4
260,woodbourne heights,77.85972888193626,77.86889152526858,77.40300254821773,77.6435791015625,94.23698842628669,94.30813255310059,93.4177490234375,93.79740905761713,89.07867110110996,89.01483640670777,88.20399131774906,88.80202865600583,86.11668209,0.29868046404885,0.269488540198542,-0.09773630137903355,-0.029191923850308
261,woodbourne-mccabe,76.50689386457698,76.32693462371827,76.00042953491217,76.42565536499023,94.17946882116689,94.2092693328857,93.22698516845702,94.21984710693356,88.09334862884009,88.082091140747,87.38646774291986,88.1318763732911,48.0979175,0.355583683903553,0.34628891949915,-0.026139456969358692,-0.009294764404402966
262,woodmere,78.36183425711053,78.60605354309084,76.11696357727047,76.33559494018562,96.05389843330732,96.13836212158202,93.98786392211917,94.4765083312988,89.66825189182825,90.12661075592032,86.89002304077141,87.41074409484872,165.36823207,0.159655830147347,0.159213123766211,-0.00277287951669177,-4.427063811359988e-4
271,wrenlane,76.93213746322226,76.87359628677373,76.77397346496585,76.9063827514649,94.19900900557974,94.1539960861206,93.74654235839847,94.32661361694332,88.3030945351556,88.29350414276117,87.97016105651858,88.31878471374512,18.4630235,0.259668645674676,0.24409312735072,-0.05998228351169393,-0.015575518323956011
263,wyman park,77.09854579615762,77.22201652526857,75.35967941284179,76.72513923645026,95.10820395825536,95.16230926513664,92.41889266967775,94.06573638916011,89.23405243793871,89.30604705810549,87.1018394470214,88.10491523742681,70.63101901,0.459689046689799,0.45757706553577,-0.004594369105022802,-0.0021119811540289968
264,wyndhurst,75.34839374134201,75.23866844177252,74.73261756896977,75.03491668701164,94.12730016445906,94.2183296203613,90.81031570434573,93.18183135986337,87.49399007607835,87.67941474914547,84.4541069030762,86.69966087341311,194.42063427,0.417441130166664,0.434063909223554,0.039820654592069786,0.01662277905688997
265,yale heights,77.75723794188204,77.77049779891968,76.61075096130368,77.6170814514161,93.83816488795219,93.9310680389404,91.41434402465822,93.48518447875978,87.82943455336576,88.00926465988157,85.48635826110848,87.32072143554691,122.95937529,0.412138131848579,0.414798261953736,0.006454462471660638,0.002660130105156977
272,york-homeland,76.41608973976741,76.41509475708014,76.07173423767098,76.40172920227047,94.51719818593635,94.52503013610848,94.07644119262687,94.6150253295899,88.19646136332224,88.23561134338382,87.7526283264161,88.20015640258785,14.99714727,0.273480252815395,0.291619405372557,0.06632710175753087,0.018139152557161975
